-- areas
INSERT INTO areas (area_code, name) VALUES
('11', '서울특별시'),
('26', '부산광역시'),
('27', '대구광역시'),
('28', '인천광역시'),
('29', '광주광역시'),
('30', '대전광역시'),
('31', '울산광역시'),
('41', '경기도'),
('43', '충청북도'),
('44', '충청남도'),
('46', '전라남도'),
('47', '경상북도'),
('48', '경상남도'),
('50', '제주특별자치도'),
('51', '강원특별자치도'),
('52', '전북특별자치도'),
('36110', '세종특별자치시');

-- districts
INSERT INTO districts (area_code, district_code, name) VALUES
('11', '110', '종로구'),
('11', '140', '중구'),
('11', '170', '용산구'),
('11', '200', '성동구'),
('11', '215', '광진구'),
('11', '230', '동대문구'),
('11', '260', '중랑구'),
('11', '290', '성북구'),
('11', '305', '강북구'),
('11', '320', '도봉구'),
('11', '350', '노원구'),
('11', '380', '은평구'),
('11', '410', '서대문구'),
('11', '440', '마포구'),
('11', '470', '양천구'),
('11', '500', '강서구'),
('11', '530', '구로구'),
('11', '545', '금천구'),
('11', '560', '영등포구'),
('11', '590', '동작구'),
('11', '620', '관악구'),
('11', '650', '서초구'),
('11', '680', '강남구'),
('11', '710', '송파구'),
('11', '740', '강동구'),
('26', '110', '중구'),
('26', '140', '서구'),
('26', '170', '동구'),
('26', '200', '영도구'),
('26', '230', '부산진구'),
('26', '260', '동래구'),
('26', '290', '남구'),
('26', '320', '북구'),
('26', '350', '해운대구'),
('26', '380', '사하구'),
('26', '410', '금정구'),
('26', '440', '강서구'),
('26', '470', '연제구'),
('26', '500', '수영구'),
('26', '530', '사상구'),
('26', '710', '기장군'),
('27', '110', '중구'),
('27', '140', '동구'),
('27', '170', '서구'),
('27', '200', '남구'),
('27', '230', '북구'),
('27', '260', '수성구'),
('27', '290', '달서구'),
('27', '710', '달성군'),
('27', '720', '군위군'),
('28', '110', '중구'),
('28', '140', '동구'),
('28', '177', '미추홀구'),
('28', '185', '연수구'),
('28', '200', '남동구'),
('28', '237', '부평구'),
('28', '245', '계양구'),
('28', '260', '서구'),
('28', '710', '강화군'),
('28', '720', '옹진군'),
('29', '110', '동구'),
('29', '140', '서구'),
('29', '155', '남구'),
('29', '170', '북구'),
('29', '200', '광산구'),
('30', '110', '동구'),
('30', '140', '중구'),
('30', '170', '서구'),
('30', '200', '유성구'),
('30', '230', '대덕구'),
('31', '110', '중구'),
('31', '140', '남구'),
('31', '170', '동구'),
('31', '200', '북구'),
('31', '710', '울주군'),
('41', '110', '수원시'),
('41', '111', '수원시 장안구'),
('41', '113', '수원시 권선구'),
('41', '115', '수원시 팔달구'),
('41', '117', '수원시 영통구'),
('41', '130', '성남시'),
('41', '131', '성남시 수정구'),
('41', '133', '성남시 중원구'),
('41', '135', '성남시 분당구'),
('41', '150', '의정부시'),
('41', '170', '안양시'),
('41', '171', '안양시 만안구'),
('41', '173', '안양시 동안구'),
('41', '190', '부천시'),
('41', '192', '부천시 원미구'),
('41', '194', '부천시 소사구'),
('41', '196', '부천시 오정구'),
('41', '210', '광명시'),
('41', '220', '평택시'),
('41', '250', '동두천시'),
('41', '270', '안산시'),
('41', '271', '안산시 상록구'),
('41', '273', '안산시 단원구'),
('41', '280', '고양시'),
('41', '281', '고양시 덕양구'),
('41', '285', '고양시 일산동구'),
('41', '287', '고양시 일산서구'),
('41', '290', '과천시'),
('41', '310', '구리시'),
('41', '360', '남양주시'),
('41', '370', '오산시'),
('41', '390', '시흥시'),
('41', '410', '군포시'),
('41', '430', '의왕시'),
('41', '450', '하남시'),
('41', '460', '용인시'),
('41', '461', '용인시 처인구'),
('41', '463', '용인시 기흥구'),
('41', '465', '용인시 수지구'),
('41', '480', '파주시'),
('41', '500', '이천시'),
('41', '550', '안성시'),
('41', '570', '김포시'),
('41', '590', '화성시'),
('41', '591', '화성시 만세구'),
('41', '593', '화성시 효행구'),
('41', '595', '화성시 병점구'),
('41', '597', '화성시 동탄구'),
('41', '610', '광주시'),
('41', '630', '양주시'),
('41', '650', '포천시'),
('41', '670', '여주시'),
('41', '800', '연천군'),
('41', '820', '가평군'),
('41', '830', '양평군'),
('43', '110', '청주시'),
('43', '111', '청주시 상당구'),
('43', '112', '청주시 서원구'),
('43', '113', '청주시 흥덕구'),
('43', '114', '청주시 청원구'),
('43', '130', '충주시'),
('43', '150', '제천시'),
('43', '720', '보은군'),
('43', '730', '옥천군'),
('43', '740', '영동군'),
('43', '745', '증평군'),
('43', '750', '진천군'),
('43', '760', '괴산군'),
('43', '770', '음성군'),
('43', '800', '단양군'),
('44', '130', '천안시'),
('44', '131', '천안시 동남구'),
('44', '133', '천안시 서북구'),
('44', '150', '공주시'),
('44', '180', '보령시'),
('44', '200', '아산시'),
('44', '210', '서산시'),
('44', '230', '논산시'),
('44', '250', '계룡시'),
('44', '270', '당진시'),
('44', '710', '금산군'),
('44', '760', '부여군'),
('44', '770', '서천군'),
('44', '790', '청양군'),
('44', '800', '홍성군'),
('44', '810', '예산군'),
('44', '825', '태안군'),
('46', '110', '목포시'),
('46', '130', '여수시'),
('46', '150', '순천시'),
('46', '170', '나주시'),
('46', '230', '광양시'),
('46', '710', '담양군'),
('46', '720', '곡성군'),
('46', '730', '구례군'),
('46', '770', '고흥군'),
('46', '780', '보성군'),
('46', '790', '화순군'),
('46', '800', '장흥군'),
('46', '810', '강진군'),
('46', '820', '해남군'),
('46', '830', '영암군'),
('46', '840', '무안군'),
('46', '860', '함평군'),
('46', '870', '영광군'),
('46', '880', '장성군'),
('46', '890', '완도군'),
('46', '900', '진도군'),
('46', '910', '신안군'),
('47', '110', '포항시'),
('47', '111', '포항시 남구'),
('47', '113', '포항시 북구'),
('47', '130', '경주시'),
('47', '150', '김천시'),
('47', '170', '안동시'),
('47', '190', '구미시'),
('47', '210', '영주시'),
('47', '230', '영천시'),
('47', '250', '상주시'),
('47', '280', '문경시'),
('47', '290', '경산시'),
('47', '730', '의성군'),
('47', '750', '청송군'),
('47', '760', '영양군'),
('47', '770', '영덕군'),
('47', '820', '청도군'),
('47', '830', '고령군'),
('47', '840', '성주군'),
('47', '850', '칠곡군'),
('47', '900', '예천군'),
('47', '920', '봉화군'),
('47', '930', '울진군'),
('47', '940', '울릉군'),
('48', '120', '창원시'),
('48', '121', '창원시 의창구'),
('48', '123', '창원시 성산구'),
('48', '125', '창원시 마산합포구'),
('48', '127', '창원시 마산회원구'),
('48', '129', '창원시 진해구'),
('48', '170', '진주시'),
('48', '220', '통영시'),
('48', '240', '사천시'),
('48', '250', '김해시'),
('48', '270', '밀양시'),
('48', '310', '거제시'),
('48', '330', '양산시'),
('48', '720', '의령군'),
('48', '730', '함안군'),
('48', '740', '창녕군'),
('48', '820', '고성군'),
('48', '840', '남해군'),
('48', '850', '하동군'),
('48', '860', '산청군'),
('48', '870', '함양군'),
('48', '880', '거창군'),
('48', '890', '합천군'),
('50', '110', '제주시'),
('50', '130', '서귀포시'),
('51', '110', '춘천시'),
('51', '130', '원주시'),
('51', '150', '강릉시'),
('51', '170', '동해시'),
('51', '190', '태백시'),
('51', '210', '속초시'),
('51', '230', '삼척시'),
('51', '720', '홍천군'),
('51', '730', '횡성군'),
('51', '750', '영월군'),
('51', '760', '평창군'),
('51', '770', '정선군'),
('51', '780', '철원군'),
('51', '790', '화천군'),
('51', '800', '양구군'),
('51', '810', '인제군'),
('51', '820', '고성군'),
('51', '830', '양양군'),
('52', '110', '전주시'),
('52', '111', '전주시 완산구'),
('52', '113', '전주시 덕진구'),
('52', '130', '군산시'),
('52', '140', '익산시'),
('52', '180', '정읍시'),
('52', '190', '남원시'),
('52', '210', '김제시'),
('52', '710', '완주군'),
('52', '720', '진안군'),
('52', '730', '무주군'),
('52', '740', '장수군'),
('52', '750', '임실군'),
('52', '770', '순창군'),
('52', '790', '고창군'),
('52', '800', '부안군'),
('36110', '36110', '세종특별자치시');

-- categories
INSERT INTO categories (code, name, parent_code) VALUES
('AC', '숙박', NULL),
('C01', '추천코스', NULL),
('EV', '축제/공연/행사', NULL),
('EX', '체험관광', NULL),
('FD', '음식', NULL),
('HS', '역사관광', NULL),
('LS', '레저스포츠', NULL),
('NA', '자연관광', NULL),
('SH', '쇼핑', NULL),
('VE', '문화관광', NULL),
('AC01', '호텔', 'AC'),
('AC02', '콘도미니엄', 'AC'),
('AC03', '펜션/민박', 'AC'),
('AC04', '모텔', 'AC'),
('AC05', '캠핑', 'AC'),
('AC06', '호스텔', 'AC'),
('C0112', '가족코스', 'C01'),
('C0113', '나홀로코스', 'C01'),
('C0114', '힐링코스', 'C01'),
('C0115', '도보코스', 'C01'),
('C0116', '캠핑코스', 'C01'),
('C0117', '맛코스', 'C01'),
('EV01', '축제', 'EV'),
('EV02', '공연', 'EV'),
('EV03', '행사', 'EV'),
('EX01', '전통체험', 'EX'),
('EX02', '공예체험', 'EX'),
('EX03', '농.산.어촌 체험', 'EX'),
('EX04', '산사체험', 'EX'),
('EX05', '웰니스관광', 'EX'),
('EX06', '산업관광', 'EX'),
('EX07', '기타체험', 'EX'),
('FD01', '한식', 'FD'),
('FD02', '외국식', 'FD'),
('FD03', '간이음식', 'FD'),
('FD04', '주점', 'FD'),
('FD05', '카페/ 찻집', 'FD'),
('HS01', '역사유적지', 'HS'),
('HS02', '역사유물', 'HS'),
('HS03', '종교성지', 'HS'),
('HS04', '안보관광지', 'HS'),
('LS01', '육상레저스포츠', 'LS'),
('LS02', '수상레저스포츠', 'LS'),
('LS03', '항공레저스포츠', 'LS'),
('LS04', '복합레저스포츠', 'LS'),
('NA01', '자연경관(산)', 'NA'),
('NA02', '자연경관(하천‧해양)', 'NA'),
('NA03', '자연생태', 'NA'),
('NA04', '자연공원', 'NA'),
('NA05', '기타자연관광', 'NA'),
('SH01', '백화점', 'SH'),
('SH02', '쇼핑몰', 'SH'),
('SH03', '대형마트', 'SH'),
('SH04', '면세점', 'SH'),
('SH05', '전문매장/상가', 'SH'),
('SH06', '시장', 'SH'),
('SH07', '기타쇼핑시설', 'SH'),
('VE01', '랜드마크관광', 'VE'),
('VE02', '테마공원', 'VE'),
('VE03', '도시공원', 'VE'),
('VE04', '도시.지역문화관광', 'VE'),
('VE05', '복합관광시설', 'VE'),
('VE06', '공연시설', 'VE'),
('VE07', '전시시설', 'VE'),
('VE08', '행사시설', 'VE'),
('VE09', '교육시설', 'VE'),
('VE10', '레저스포츠시설', 'VE'),
('VE11', '교통시설', 'VE'),
('VE12', '기타문화관광지', 'VE');

-- places
INSERT INTO places (content_id, title, addr1, addr2, latitude, longitude, first_image1, first_image2, area_code, district_code, category_code1, category_code2, zipcode, tel, overview) VALUES
('2750144', '가가상점', '충청남도 공주시 감영길 3 (반죽동)', NULL, '36.4528799330097', '127.121658480839', NULL, NULL, '44', '150', 'SH', 'SH05', '32546', NULL, '공주시 원도심에 자리 잡은 가가상점은 공주 지역에서 활동하는 예술가 단체, 화가, 공방들이 기획하고 제작한 로컬 굿즈를 판매하고 있으며, 여행자와 방문자를 위한 추천 도서와 관련 상품들도 판매하고 있다. 굿즈들은 엽서, 스티커, 마스킹테이프, 책갈피, 그립톡 등 다양한 제품이 준비되어 있으며 아기자기한 디자인으로 시간 가는 줄 모르고 구경하게 된다.'),
('2805408', '가가와', '부산광역시 부산진구  중앙번영로 (6)', NULL, '35.1447671591569', '129.059799436643', NULL, NULL, '26', '230', 'FD', 'FD02', '47361', NULL, '부산광역시 부산진구에 위치한 가가와는 돈가스 전문점이다. 100% 수제돈가스로 만들며 얼리지 않은 1등급 생등심만을 사용하고 있다. 방부제를 넣지 않은 최고급 생빵가루를 사용한다. 소스 또한 전통방식을 그대로 직접 제조하여 만들고 있는 돈가스집이다. 돈가스 외에도 우동, 메밀국수 등의 메뉴를 맛볼 수 있으며 다양한 조합의 세트, 정식 메뉴가 준비되어 있다.'),
('2750143', '가가책방', '충청남도 공주시 당간지주길 10 (반죽동)', '(반죽동)', '36.4521187744', '127.1219749520', 'http://tong.visitkorea.or.kr/cms/resource/06/3564906_image2_1.jpg', 'http://tong.visitkorea.or.kr/cms/resource/06/3564906_image3_1.jpg', '44', '150', 'VE', 'VE12', '32549', NULL, '가가책방은 2019년 6월 9일 문을 연 공주시 최초의 동네 책방이다. 2020년 코로나 팬데믹 이후 무인으로 운영되고 있다. 책방에 방문하고자 하는 이는 전화 혹은 SNS로 메시지로 비밀번호와 간단한 이용법을 문의해야 한다. 단독 혹은 촬영장 등으로 공간 예약, 이용은 제한된다. 기본적으로 공유 이용 공간이다. 충분히 공간에 만족했거나 좋았다면 입장료 5,000원을 지불할 수 있다. 무인으로 이용되고 있으므로 이용 후 간단한 정리 정돈을 하고 가야 한다.'),
('127480', '가거도', '전라남도 신안군 흑산면 가거도길 38-2', NULL, '34.0520609879', '125.1263860145', 'http://tong.visitkorea.or.kr/cms/resource/28/3572128_image2_1.jpg', 'http://tong.visitkorea.or.kr/cms/resource/28/3572128_image3_1.jpg', '46', '910', 'NA', 'NA02', '58866', NULL, '가거도(소흑산도)는 중국의 새벽닭 울음소리가 들릴 만큼 중국 땅과 가깝다는 우리나라 최서남단의 섬으로, 독실산(639m)의 산세가 높고 절벽으로 형성되어 웅장한 절경을 자랑하는 섬이다. 가거도의 섬등반도는 서쪽에 있는 반도 형태의 지형으로 해안선 주변으로 반도 전체가 주상절리를 이루고 있기 때문에 섬등병풍 바위라고도 불린다. 기암절벽으로 이루어진 암봉과 병풍처럼 펼쳐진 해식애가 일대 장관을 이루며, 특히 낙조 경관이 아름답다. 가거도라는 이름은 가히 살만한 섬이라는 뜻에서 붙었다고도 하고, 가도 가도 뱃길의 끝이 보이지 않는 섬이라해서 가거도라 불리었다는 설도 있다. 가거도는 서해안 어업전진기지로서 매우 중요한 섬이다. 한중일 어선들의 각축장이 되어 있는 황금 어장이기도 하고, 국토의 최서남단에 있기에 지리적, 외교적, 정치적으로 중요한 섬이기도 하다. 멸치, 조기, 갈치, 다랑어, 돔 등 온갖 고기들이 모여들기 때문에 연중 많은 낚시객들이 찾는 섬이며, 가거도 등대 앞바다에는 천연기념물인 바닷새의 번식지 국흘도(구굴도)가 있다. 여름철새인 슴새와 뿔쇠오리가 이 무인도에 둥지를 틀고 번식하는 등 백여 종의 철새들이 봄과 가을에 가거도에서 쉬거나 번식을 한다.'),
('1433504', '가경 터미널시장', '충청북도 청주시 흥덕구 가경동', '1438', '36.6286485111', '127.4341171334', 'http://tong.visitkorea.or.kr/cms/resource/50/3492550_image2_1.jpg', 'http://tong.visitkorea.or.kr/cms/resource/50/3492550_image3_1.jpg', '43', '113', 'SH', 'SH06', '28398', NULL, '가경터미널시장은 충북 청주시 흥덕구 가경동에 위치한 상설 재래시장이다. 이곳은 상가 주택건물형 소형시장으로 논밭이었던 이곳은 시외버스터미널이 시내로부터 옮겨오면서 발전하여 현재의 상권이 자리 잡게 되었다. 또한 버스터미널과 아파트 신축에 따른 주민의 증가로 가경터미널시장이 1994년부터 자연스럽게 형성되었다. 신선한 채소와 과일, 수산물, 정육, 반찬류 등 다양한 식재료를 합리적인 가격에 구매할 수 있는 것이 특징이다. 다양한 분식과 먹거리들도 풍부하게 마련되어 있어, 청주 시민은 물론 외지 방문객들에게도 인기 있는 먹거리 명소로 자리 잡고 있다.'),
('2901530', '가경목장', '경기도 안산시 상록구 감골로 173 (사동)', NULL, '37.297065419866186', '126.85799003765526', 'https://tong.visitkorea.or.kr/cms/resource/12/2901512_image2_1.jpg', 'https://tong.visitkorea.or.kr/cms/resource/12/2901512_image3_1.jpg', '41', '271', 'FD', 'FD01', '15583', NULL, '가경목장은 경기도 안산시 상록구 사동에 있는 고깃집이다. 아들, 딸과 함께 가족 운영을 한다는 뜻으로 상호를 가경목장이라고 정했다. 참숯 직화구이 전문점이다. 대표 메뉴는 두툼한 국내산 삼겹살과 소고기처럼 마블링이 있는 도토리꽃목살이다. 고기와 함께 제공되는 특제 소스인 멸치젓갈 소스에 찍어 먹으면 더욱 맛있게 먹을 수 있다. 부족한 밑반찬은 셀프 코너에서 가져다 먹을 수 있다. 가게 뒤편에 주차할 수 있다. 지하철 수인분당선 사리역 2번 출구에서 716m 떨어져 있어 도보로도 이용할 수 있다.'),
('1797757', '가경식당', '충청남도 부여군 부여읍 성왕로 286', NULL, '36.283298', '126.91894', NULL, NULL, '44', '760', 'FD', 'FD01', '33148', NULL, '부여군에 위치한 가경식당은 직접 농사지은 쌀 및 채소류를 사용하며, 직접 짠 들기름으로 반찬을 제공한다. 예약제로 운영하기 때문에 방문하기 전 예약이 필수이다. 이곳의 메뉴는 두 가지로 홍어찌개와 오리주물럭이다. 든든한 집밥 한끼를 가경식당에서 즐길 수 있다.'),
('126273', '가계해수욕장', '전라남도 진도군 고군면 신비의바닷길 47', '(고군면)', '34.4354594945', '126.3547412438', 'http://tong.visitkorea.or.kr/cms/resource/36/3079736_image2_1.jpg', 'http://tong.visitkorea.or.kr/cms/resource/36/3079736_image3_1.jpg', '46', '900', 'NA', 'NA02', '58911', NULL, '바닷물이 갈라지는 현대판 모세의 기적으로 유명한 신비의 바닷길옆에 위치한 해수욕장이다. 넓은 백사장과 다도해상을 마주하고 풍경이 아름다운 해수욕장으로 백사장 길이는 3㎞이다. 교통이 편리할 뿐 아니라 넓은 주차장과 샤워장, 음수대 등 편의시설이 잘 갖추어져 있고 교통이 편리하여 자가용을 이용한 피서객들이 많이 찾는다. 해수욕장 인근에는 조형물들이 있어서 포토존으로 인기가 좋으며 해변가를 따라 소나무와 잔디가 있어 나무아래 그늘에서 햇볕을 피할 수 있고 초록색과 파란 바다색이 어우러져 아름다운 경치를 즐기며 물놀이와 휴식을 즐길 수 있다. 또한, 갯바위와 선착장, 무인도에서 감성동, 도다리, 농어, 숭어, 장어, 보리멸 등의 바다낚시를 즐길 수 있다. 인근에 진도해양생태관, 진도 신비의 바닷길, 금호도 등의 관광지가 있다.'),
('2019720', '가고파 꼬부랑길 벽화마을', '경상남도 창원시 마산합포구 성호서7길 15-8', NULL, '35.2077256624183', '128.569629608494', 'https://tong.visitkorea.or.kr/cms/resource/55/2033255_image2_1.jpg', 'https://tong.visitkorea.or.kr/cms/resource/55/2033255_image3_1.jpg', '48', '125', 'VE', 'VE04', '51281', NULL, '가고파 꼬부랑길벽화마을은 2013년 12월 추산동과 성호동 일대 30여 가구를 잇는 골목에 조성됐다. 여행은 벽화마을 안내도가 설치된 성호서10길과 성호서2길이 만나는 지점에서 시작한다. 미국 러시모어산의 큰바위얼굴에 조각가 문신과 천상병 시인 등 창원시와 인연이 있는 예술가의 얼굴을 그려 넣은 벽화가 있어 쉽게 찾을 수 있다.
450m 남짓한 골목과 계단에 다양한 그림이 가득하다. 무지개 색깔로 칠한 짧은 돌계단 끝에는 마을 주민이 1910년부터 사용하던 백년우물이 있다. 마산항이 바라보이는 백년우물 옆 물지게 벽화는 가고파 꼬부랑길벽화마을 최고의 포토존이다. 이 외에도 몬드리안의 작품을 연상케 하는 벽화와 등용문을 의미하는 물고기 벽화, 담벼락을 카페 입구처럼 꾸민 벽화 등 좁은 골목 곳곳에 예쁜 그림이 가득해 걷는 내내 마음이 즐겁다. 가고파 꼬부랑길벽화마을을 돌아볼 때는 마을 주민이 생활하는 공간이라는 사실을 명심하고 사생활을 침해하는 행동은 삼가야 한다.

(출처 : 창원관광)'),
('2788416', '가고파부치기', '강원특별자치도 평창군 평창읍 평창시장1길 14', NULL, '37.3669090429', '128.3949096743', 'http://tong.visitkorea.or.kr/cms/resource/85/2788385_image2_1.jpg', 'http://tong.visitkorea.or.kr/cms/resource/85/2788385_image3_1.jpg', '51', '760', 'FD', 'FD01', '25376', NULL, '가고파부치기는 강원도 평창군 평창읍에 있는 한식 전문점이다. 가게 내부에는 좌식 테이블이 마련되어 있고, 밖에서도 식사가 가능하다. 인기 요리는 메밀전병과 올챙이국수이다. 옛날 시장의 맛을 고스란히 느끼기에 좋은 곳이다. 메밀 부치기, 전병, 만둣국, 메밀 칼국수, 장 칼국수, 올챙이국수 등 어릴 적 추억이 새록새록 생각나는 맛있는 음식들이 다양하게 있다. 착한 가격으로 맛 좋은 음식을 다양하게 즐길 수 있어 시장을 찾는다면 꼭 들려야 할 곳이다.'),
('2866408', '가고파생삼겹구이', '경상남도 창원시 마산합포구 해양관광로 962', NULL, '35.1052441863', '128.5483682280', 'http://tong.visitkorea.or.kr/cms/resource/02/2866402_image2_1.JPG', 'http://tong.visitkorea.or.kr/cms/resource/02/2866402_image3_1.JPG', '48', '125', 'FD', 'FD01', '51781', NULL, '창원 해양관광로에 있는 가고파 생삼겹구이는 바다 풍경을 바라보며 삼겹살을 구워 먹는 맛집이다. 바로 앞 테라스는 인기가 많아서 미리 예약해야만 앉을 수 있다. 평일 당일 예약은 가능하지만 주말 당일 예약은 불가하다. 바다 풍경을 앞에 두고 시원한 바람과 노을을 보며 고기를 먹을 수 있는 가고파 생감겹구이의 주메뉴는 삼겹살과 왕새우, 조개찜, 조개탕으로 세트 주문이 가능하다. 기본 찬은 김치, 생마늘, 쌈무, 채소, 번데기 등이 나오고 추가 반찬과 술, 음료수, 물 등은 셀프로 이용하면 된다.'),
('2572443', '가고파식당', '경상남도 통영시 한산면 한산일주로 856', NULL, '34.7671312725', '128.5064669527', NULL, NULL, '48', '220', 'FD', 'FD01', '53092', NULL, '통영시 한산면에 위치한 한식집으로 한산도의 천연 재료를 사용한 음식을 즐기실 수 있다. 대표 메뉴는 모둠회, 매운탕이지만 회를 못 먹는 사람들을 위한 백반 정식, 돈가스, 생삼겹살, 두루치기도 있다. 음식을 시키면 기본 7여 가지 이상의 밑반찬이 함께 나온다. 김치, 산나물, 절임류 등 그 종류가 다양하고 맛이 좋다.'),
('2792802', '가고파캠핑장', '경상남도 산청군 시천면 지리산대로1478번길 31-10', NULL, '35.2400382279', '127.8177481174', 'http://tong.visitkorea.or.kr/cms/resource/33/2799833_image2_1.JPG', 'http://tong.visitkorea.or.kr/cms/resource/33/2799833_image3_1.JPG', '48', '860', 'AC', 'AC05', '52238', NULL, '경북 산청군 시천면 내공리에 있는 가고파캠핑장은 두류연수원으로 사용했던 장소이기도 하다. 전체 파쇄석이 깔린 캠핑장으로, 데크 공간이 꽤 널찍하게 마련되어 있어 캠핑 시 주변 캠핑객과의 거리를 유지할 수 있다. 다만, 일부 사이트는 땡볕이어서 원하는 사이트를 잘 고르는 것이 중요하다. 산청 가고파캠핑장은 낡고 오래되었으나, 깨끗하게 유지되고 있으며, 지나치게 크지 않은 조용한 캠핑장을 원하는 이들에게 사랑받고 있다. 
또한, 아이들을 위한 트램펄린도 마련되어 있고, 샤워장도 깨끗하게 유지되고 있다. 매점에는 필요한 물품이 알차게 채워져 있으나, 가까이에 대형 마트도 있어 장보기에도 걱정이 없다. 약 396㎡ 규모로 그 넓이를 자랑하는 수영장이 마련되어 있으며, 이 수영장에는 지하수를 채우기 때문에 물이 굉장히 차가워서 여름철에는 더욱 시원하게 즐길 수 있다.'),
('2994101', '가곡국민여가캠핑장', '강원특별자치도 삼척시 가곡면 가곡천로 1512', NULL, '37.1524160094', '129.2084654928', 'http://tong.visitkorea.or.kr/cms/resource/98/2994098_image2_1.jpg', 'http://tong.visitkorea.or.kr/cms/resource/98/2994098_image3_1.jpg', '51', '230', 'AC', 'AC05', '25954', NULL, '가곡국민여가캠핑장은 가곡 유황온천&스파 주변에 조성되어 있다. 캠핑 시설 15동(카라반 5동, 돔 하우스 8동, 타이니 하우스 2동)을 이용할 수 있으며 매월 셋째 주 화요일에 익월 한 달분의 온라인 예약이 가능하다. 타이니 하우스는 최대 10명까지 이용이 가능하여 가족 모임을 하기에도 좋다. 캠핑장 앞으로 맑고 깨끗한 가곡천이 흐르고 있어 자연 속에서 심신이 힐링 되는 시간을 보낼 수 있다.'),
('2994116', '가곡유황온천&스파', '강원특별자치도 삼척시 가곡면 가곡천로 1510', NULL, '37.1509022547', '129.2064490523', 'http://tong.visitkorea.or.kr/cms/resource/54/2994054_image2_1.jpg', 'http://tong.visitkorea.or.kr/cms/resource/54/2994054_image3_1.jpg', '51', '230', 'EX', 'EX05', '25954', NULL, '가곡 유황온천&스파는 자연에서 솟아나는 유황온천을 즐길 수 있는 곳이다. 가곡면의 멋진 풍광을 함께 즐길 수 있는 메인 풀장부터 어린아이도 함께할 수 있는 키즈 스파, 동굴 스파, 쿨링 스파, 인피니티 풀, 자쿠지 풀까지 다양한 테마의 시설이 준비되어 있다. 스낵 코너에서 간단한 식사도 가능하다. 근처에 가곡 국민 여가 캠핑장도 조성되어 있어 가족과 자연 속에서 알찬 휴가를 보내기에 손색이 없다. 1일 2회 시간제 코스로 삼척 시티투어버스도 운영 중이어서 접근성 또한 좋다. 다만 온천장 이용 시 수축기 혈압 170 이상, 심장병(심근경색, 협심증) 등의 심신이 허약한 경우에는 입장이 불가하다.'),
('3534460', '가곡유황족욕체험장', '강원특별자치도 삼척시 가곡면 가곡천로 1476', NULL, '37.150069167261684', '129.20595488647152', 'https://tong.visitkorea.or.kr/cms/resource/73/3533173_image2_1.jpg', 'https://tong.visitkorea.or.kr/cms/resource/73/3533173_image3_1.jpg', '51', '230', 'EX', 'EX07', '25954', NULL, '가곡유황족욕체험장은 가곡온천휴양마을에 위치하고 있으며, 천연 유황온천수를 이용해 피로 해소와 힐링을 돕는 족욕 체험 공간이다. 한국지질자원연구원 및 한국중앙온천연구소 시험결과 기준치에 적합하여 유황온천, 실리카 온천으로 분류된다. 족욕체험장은 행복문화센터 건물 아래쪽에 위치하고 있다. 체험장의 가장 큰 매력은 아름다운 삼척의 산 능선을 감상하며 족욕 체험을 즐길 수 있다는 점이다. 약 30분 동안 따뜻한 유황 온천수에 발을 담가 여행의 피로를 풀 수 있다.'),
('3482667', '가금철교 문화공원', '경기도 의정부시 가능동', '15-28', '37.7533531645', '127.0455151412', 'http://tong.visitkorea.or.kr/cms/resource/68/3482668_image2_1.jpg', 'http://tong.visitkorea.or.kr/cms/resource/68/3482668_image3_1.jpg', '41', '150', 'VE', 'VE03', '11685', NULL, '가금철교 문화공원은 경기도 의정부시 가능동 을지대학병원 맞은편에 위치해 있다. 원래 폐철도 부지(미39보급선로)로 아파트 등 주택밀집지역과 중랑천을 연결하는 위치에 있어 유동인구가 많았지만, 철거 이후 장기간 나대지로 방치되어 도심 경관을 저해하고 있었던 곳에 새롭게 조성된 공원이다. 벚꽃산책길, 운동시설, 메모리얼 공간 등 역사·문화적 가치를 지닌 도심 속 공원녹지 공간으로 재탄생하였다.'),
('2930927', '가까운약국', '부산광역시 부산진구 가야대로 779 (부전동)', NULL, '35.1579550616706', '129.056805686045', 'https://tong.visitkorea.or.kr/cms/resource/90/4017190_image2_1.jpg', 'https://tong.visitkorea.or.kr/cms/resource/90/4017190_image3_1.jpg', '26', '230', 'SH', 'SH04', '47257', NULL, '가까운약국은 이웃처럼 편안한 상담과 정직한 약료 서비스를 지향하는 지역 거점 약국 브랜드입니다. 고객의 건강 고민에 귀 기울이며 세심한 처방 안내와 건강 정보를 제공하여 신뢰받는 건강 지킴이 역할을 수행합니다.'),
('2871024', '가나돈까스의집', '서울특별시 강남구 언주로 608', NULL, '37.5099674377', '127.0377755568', 'http://tong.visitkorea.or.kr/cms/resource/08/2871008_image2_1.JPG', 'http://tong.visitkorea.or.kr/cms/resource/08/2871008_image3_1.JPG', '11', '680', 'FD', 'FD01', '06102', NULL, '언주역과 선정릉역 중간쯤에 위치한 돈까스 맛집이다. 건물의 지하로 내려가면 내부가 넓어 많은 인원을 수용할 수 있다. 이곳의 대표메뉴는 돈까스로 전형적인 옛날 돈까스의 비주얼과 맛을 선보인다. 돈까스 외에도 육개장, 알밥, 회덮밥 등의 메뉴가 있고 특이하게 기본 찬으로 김치와 오이고추를 수북이 내어준다. 가게 앞에 주차가 가능하나 공간이 협소하여 도보 이용을 추천한다.'),
('1928589', '가나샤브샤브', '대전광역시 유성구 신성로84번길 49', NULL, '36.3890161659', '127.3512700000', 'http://tong.visitkorea.or.kr/cms/resource/30/3062830_image2_1.JPG', 'http://tong.visitkorea.or.kr/cms/resource/30/3062830_image3_1.JPG', '30', '200', 'FD', 'FD01', '34116', NULL, '가나샤브샤브는 싱싱한 해물과 신선한 야채, 엄선된 국내산 한우로 만드는 샤브샤브 맛집이다. 대표 메뉴는 소고기 샤브샤브이며 이 외에도 가나 샤브샤브, 암소생등심 샤브샤브, 스페셜 샤브샤브, 한우탕, 안동문어숙회, 암소 꽃등심 등을 취급하고 있다. 한우 암소생등심 샤브샤브는 무, 양파, 다시마 등 10여 가지 재료를 끓여 낸 육수를 이용해 신선한 야채와 버섯, 우리 밀을 밀어 직접 뽑아낸 국수를 맛볼 수 있다. 샤브샤브 메뉴 주문 시 마무리로 영양죽과 칼국수도 제공된다.
주변에는 대전시민천문대, 유성종합스포츠센터, 연구단지종합운동장 등이 있다.'),
('129854', '가나아트센터', '서울특별시 종로구 평창30길 28 (평창동)', NULL, '37.6122904729365', '126.97512913242', 'https://tong.visitkorea.or.kr/cms/resource/11/3506711_image2_1.jpg', 'https://tong.visitkorea.or.kr/cms/resource/11/3506711_image3_1.jpg', '11', '110', 'VE', 'VE07', '03004', NULL, '1983년에 개관한 가나아트센터는 북한산 자락의 평창동에 위치하고 있다. 국내외에서 다양한 전시를 기획할 뿐 아니라, 국제적인 행사에도 꾸준히 참여하며 한국의 미술 문화 발전을 위해 노력하고 있다. 
가나아트는 한국의 대표적인 현대미술 갤러리로서 대중에게 국내 미술가들의 실험적인 작품을 소개하고, 세계적인 미술가들의 작품을 전시함으로써 한국미술문화 발전에 지속적으로 기여하고자 한다.
2018년에는 동시대의 국내외 미술 동향에 대응하는 ‘가나아트 한남’, 2020년에는 ‘가나아트 나인원’을 한남동에 새롭게 개관했으며, 신진작가 발굴 및 지원, 대중을 위한 프로젝트형 전시를 진행함으로써 미술의 대중화를 실현하고, 삶과 예술의 조화를 추구하고자 한다. 이와 더불어 오랜 기간 성공적인 전시를 기획해 온 가나아트는 전시의 영역을 실내에서 실외공간으로 확장한 공공미술 프로젝트 또한 기획하고 있다. 
앞으로도 가나아트는 한국미술장의 영향력 있는 주요 갤러리로서 국내 작가들 발굴과 육성에 주력하고, 국제적인 행사 참여를 비롯한 세계적인 미술가들의 전시를 기획함으로써 오늘날의 가나아트의 명성을 이어가고자 한다.

(출처 : 가나아트 홈페이지)'),
('129194', '가나아트파크', '경기도 양주시 장흥면 권율로 117', NULL, '37.7250130611', '126.9491636401', 'http://tong.visitkorea.or.kr/cms/resource/83/3559483_image2_1.jpg', 'http://tong.visitkorea.or.kr/cms/resource/83/3559483_image3_1.jpg', '41', '630', 'VE', 'VE02', '11520', NULL, '가나아트파크는 1984년 국내 최초 사립미술관인 토탈미술관이 그 전신으로서, 2005년 모회사 가나아트센터에서 인수하여 조각공원을 중심으로 설립되었다. 이후 가나아트파크는 2006년 미술관(우치다 시게루 설계)과 공연장(반 시게루 설계), 어린이체험관, 가나 제1아틀리에(장 미셸 빌모트 설계)를 개관했다. 2007년 블루(Blue)·레드(Red)·옐로우(Yellow) 스페이스가 신축 및 개관 전을 열었으며, 뒤이어 2008년 가나 제2아틀리에가 열렸다.
2013년 가나아트파크 미술관이 ‘가나어린이미술관’으로, 블루스페이스가 국내 최초 ‘피카소어린이미술관’으로 탈바꿈하면서, 가나아트파크는 어린이를 비롯하여 전 계층을 아우르는 예술복합공간으로 자리매김하였다.
2016년 가나아트파크는 개관 10주년을 맞이하여 예술아카데미 ‘눈코입 미술관’과 ‘호기심 미술관 탐험’을 운영하였으며, 가나아틀리에 입주 작가가 참여한 ‘나도 예술가’ 프로그램이 체험공방에서 진행되었다.
가나아트파크는 신진·중견·원로 작가들에게는 보다 나은 창작 공간과 전시 기회를 부여하고, 대중에게는 미술을 비롯한 다양한 예술 장르를 수용함으로써, ‘인간과 자연 그리고 예술이 공존하는 예술복합공간’을 실현하고자 한다.'),
('4012773', '가나안경원 명동점', '서울특별시 중구 명동8가길 33 (충무로2가)', NULL, '37.5619124538241', '126.986903352805', 'https://tong.visitkorea.or.kr/cms/resource/09/4024409_image2_1.jpeg', 'https://tong.visitkorea.or.kr/cms/resource/09/4024409_image3_1.jpeg', '11', '140', 'SH', 'SH04', '04537', NULL, '가나안경원은 성경 속 젖과 꿀이 흐르는 땅처럼 고객에게 풍요로운 시각적 경험을 약속하는 안경 전문점입니다. 정직한 시력 검사와 다양한 명품 브랜드 프레임을 구비하여 고객의 눈 건강과 스타일을 동시에 만족시켜드립니다.'),
('2894914', '가나안국수', '경기도 고양시 덕양구 행주로15번길 16', NULL, '37.6009169989', '126.8278865647', 'http://tong.visitkorea.or.kr/cms/resource/91/2894891_image2_1.jpg', 'http://tong.visitkorea.or.kr/cms/resource/91/2894891_image3_1.jpg', '41', '281', 'FD', 'FD01', '10440', NULL, '경기도 고양시 덕양구 행주로에 위치한 가나안국수는 내산 사골, 닭고기, 사태, 멸치로 최고의 육수를 내어 건강과 맛을 최고로 하는 국수메뉴를 다양하게 판매하고 있다. 명품 잔치국수, 초계국수, 장칼국수에서 다양한 국수요리를 즐길 수 있는 곳이다. 또, 매일 아침 겉절이 김치를 직접 담가 손님들에게 제공한다.'),
('2899721', '가나안약국', '서울특별시 강남구 도산대로 113 (신사동)', '1층', '37.5170146855589', '127.020850541799', 'https://tong.visitkorea.or.kr/cms/resource/90/4017690_image2_1.jpg', 'https://tong.visitkorea.or.kr/cms/resource/90/4017690_image3_1.jpg', '11', '680', 'SH', 'SH04', '06035', NULL, '가나안약국은 정직한 약무 서비스와 깊이 있는 약학 지식을 바탕으로 고객의 건강을 최우선으로 돌보는 약국 브랜드입니다. 믿을 수 있는 의약품 공급과 세심한 복약 지도를 통해 지역 주민들이 늘 건강하고 활기차게 생활할 수 있도록 지원합니다.'),
('2831563', '가나안장어마을', '경기도 고양시 일산동구 애니골길 54 (풍동)', NULL, '37.6721941761', '126.7921100429', 'http://tong.visitkorea.or.kr/cms/resource/54/2831554_image2_1.JPG', 'http://tong.visitkorea.or.kr/cms/resource/54/2831554_image3_1.JPG', '41', '285', 'FD', 'FD01', '10301', NULL, '가나안장어마을은 고양시 일산동구 풍동 애니골에 자리 잡고 있다. 가나안장어마을은 애니골 먹자골목 안 터줏대감 가나안덕 외식타운에 포함되어 있다. 가나안 외식타운에는 가나안덕 신관과 본관, 가나안장어마을, 버섯칼국수, 카페 등을 운영하고 있다, 가나안덕 외식타운이란 이름답게 넓은 주차 공간이 마련되어 있다. 식사 후 즐길 거리가 준비되어 있어 가족, 단체 등이 많이 찾고 있다. 국내산 민물장어로 두툼한 장어를 주문과 동시에 손질해서 제공되며 맛있게 굽는 방법을 보면서 구워 먹으면 된다. 장어구이 손님들에게는 마지막에 뚝배기 장어죽이 제공된다. 주변에 가볼 만한 곳은 일산호수공원과 고봉산 등이 있다.'),
('250577', '가남지', '대전광역시 유성구 대덕대로 588', '2층', '36.3853504089', '127.3788898499', 'http://tong.visitkorea.or.kr/cms/resource/78/3032478_image2_1.JPG', 'http://tong.visitkorea.or.kr/cms/resource/78/3032478_image3_1.JPG', '30', '200', 'FD', 'FD02', '34121', NULL, '가남지는 대전 유성구 대덕연구단지 내에 위치한 베트남 요리 전문점이다. 이 곳에서는 색다르고 다양한 맛의 세계를 선보이기 위해 베트남 외에도 태국, 중국 남부 등 동남아시아의 음식들을 계절에 따라 다양하게 준비하고 있다. 대표 메뉴는 육수, 고기 또는 해물, 숙주나물, 파 등을 넣어 먹는 쌀국수이다. 그 외에도 월남쌈, 동파육, 탕수육 등 다양한 메뉴를 취급한다.
가남지는 대덕대로와 가정로가 만나는 연구단지네거리 부근에 있으며, 고속도로는 호남고속도로 지선 북대전 IC가 가깝다.  주변에는 대전신세계아트앤사이언스, 국립중앙과학관, 엑스포과학공원 등이 있다.'),
('2777865', '가남체육공원', '경기도 여주시 가남읍 대명산길 98', NULL, '37.2017093544', '127.5349142281', 'http://tong.visitkorea.or.kr/cms/resource/71/2777971_image2_1.jpg', 'http://tong.visitkorea.or.kr/cms/resource/71/2777971_image2_1.jpg', '41', '670', 'VE', 'VE03', '12662', NULL, '가남체육공원은 가남면 태평리에 위치한 주민들을 위한 다목적 체육활동 공원이다. 2003년 설립되어 2010년 확장 준공을 마쳤으며 태극기공원과 운동장으로 이루어져 있다. 이곳은 축구장, 족구장, 테니스장을 모두 보유하고 있는 공원으로 축구장은 약 500석의 관람석과 1,200명의 수용이 가능한 인조잔디 축구장이다. 다양한 시설을 갖추고 있어 많은 시민들이 이용하는 공원이다. 또한, 봄이면 공원에 피는 벚꽃들로 인한 절경을 감상할 수 있는 곳으로 알려져 있다.'),
('2928947', '가네시 롯데백화점 본점', '서울특별시 중구 남대문로 81 (소공동)', 'B1층', '37.5647299033135', '126.981730421825', 'https://tong.visitkorea.or.kr/cms/resource/97/4019997_image2_1.jpg', 'https://tong.visitkorea.or.kr/cms/resource/97/4019997_image3_1.jpg', '11', '140', 'SH', 'SH04', '04533', NULL, '가네시는 행운을 상징하는 18K 주얼리 전문 브랜드입니다. 섬세한 세공과 트렌디한 디자인이 돋보이는 목걸이, 귀걸이 등을 선보이며, 사랑하는 사람에게 전하는 특별한 선물로서의 가치를 소중히 여깁니다.'),
('3306525', '가넷옴므 마리오아울렛 1관점', '서울특별시 금천구 디지털로 185 (가산동)', NULL, '37.4781875545515', '126.887154240101', 'https://tong.visitkorea.or.kr/cms/resource/38/4021238_image2_1.jpg', 'https://tong.visitkorea.or.kr/cms/resource/38/4021238_image3_1.jpg', '11', '545', 'SH', 'SH04', '08511', NULL, '가넷옴므는 보석 가넷처럼 변치 않는 가치와 품격을 지향하는 남성 컨템포러리 브랜드입니다. 정제된 미니멀리즘과 세심한 디테일이 조화를 이루는 디자인을 통해 세련된 도시 남성의 이미지를 완성해줍니다.'),
('2850913', '가는곶 세화', '제주특별자치도 제주시 구좌읍 세화14길 3', NULL, '33.5205279098', '126.8606961680', 'http://tong.visitkorea.or.kr/cms/resource/05/2850905_image2_1.jpg', 'http://tong.visitkorea.or.kr/cms/resource/05/2850905_image3_1.jpg', '50', '110', 'FD', 'FD05', '63361', NULL, '가는곶 세화는 제주특별자치도 제주시 구좌읍 세화리에 자리한 감성적인 베이커리로, ‘옆집으로 이사 가고 싶은 세화빵집’을 모토로 운영되고 있다. 이곳은 제주에서 자란 건강한 농작물을 활용한 빵을 만드는 것으로 유명한데, 제주토종흑보리, 대추방울토마토, 푸른콩 등 제주 농부들이 정성껏 키운 재료들을 사용한다. 반죽은 최대한 최소화하여 소화에 부담이 적은 빵을 만드는 것을 지향하고 있다. 시그니처 메뉴로는 에멘탈 치즈와 살짝 말린 토마토가 들어간 ‘에멘탈썬드라이토마토’, 그리고 구운 감자의 풍미가 살아 있는 ‘구운제주감자빵’ 등이 있다. 근처에 세화해수욕장, 평대해변, 비자림 등 자연명소가 가까이 있어 함께 둘러보는 것도 추천한다.'),
('2869760', '가담', '서울특별시 강남구 언주로167길 35 (신사동)', NULL, '37.5264209476', '127.0302729961', 'http://tong.visitkorea.or.kr/cms/resource/53/2869753_image2_1.jpg', 'http://tong.visitkorea.or.kr/cms/resource/53/2869753_image3_1.jpg', '11', '680', 'FD', 'FD02', '06022', NULL, '가담은 3호선 압구정역 3번 출구 글로벌사이버 서울학습관 인근에 있다. 매장 앞에 주자 공간이 있어 주차하기 편리하다. 다양한 요리와 세트메뉴가 준비되어 있어 골라먹기 좋다. 특히 고추탕수육이 맛있기로 유명하다. 식사류는 잡탕밥, 유산슬 밥, 잡채밥, 마파두부덮밥, 짬뽕밥, 새우볶음밥, 짜장밥, 짜장면, 삼선짬뽕, 삼선 울면, 광동면, 쇠고기탕면, 기스면 등 다양하게 준비되어 있다.'),
('2715601', '가덕도', '부산광역시 강서구 서천로42번길 351 (천성동)', NULL, '35.03987343745961', '128.82839001873035', 'https://tong.visitkorea.or.kr/cms/resource/69/3491669_image2_1.jpg', 'https://tong.visitkorea.or.kr/cms/resource/69/3491669_image3_1.jpg', '26', '440', 'NA', 'NA02', '46770', NULL, '가덕도는 보개산이 바다 가운데 침몰되었다가 다시 솟아서 이루어졌다는 전설이 있는 부산 최대의 섬이다. 섬에는 해안선을 따라 동북쪽으로 눌차, 동선 사이를 이어주는 주변 백사장과 바닷가의 경관을 볼 수 있다. 또한 동남 쪽으로 대항 새바지의 넓은 자갈밭과 용두암을 시작으로 펼쳐지는 동백숲과 아동섬일대와 동두말, 가덕도 등대 주위의 깎아지른 듯한 기암괴석, 그리고 서남쪽으로 돌아 외양포 해수욕장, 두문의 길게 뻗은 솔섬, 천수말 코바위 등 가덕도는 해금강 절경을 방불케 한다. 가덕도는 역사의 섬이다. 선사시대부터 사람이 살기 시작하였고, 국토의 최남단에 위치하여 일본의 침략이 잦았던 곳으로 조선시대에는 군사기지와 곳곳에 성을 축조하였으며 병기를 만들던 곳집이 있었다고 한다. 일제강점기에 왜군이 외양포에 만든 군사기지와 인공동굴 등 아픈 역사의 현장을 남기고 있다.'),
('129156', '가덕도 등대', '부산광역시 강서구 외양포로 10', NULL, '35.0006471157', '128.8295937487', 'http://tong.visitkorea.or.kr/cms/resource/81/3342781_image2_1.jpg', 'http://tong.visitkorea.or.kr/cms/resource/81/3342781_image3_1.jpg', '26', '440', 'VE', 'VE01', '46771', NULL, '조선 말기에 건설된 유인등대 중 하나로서 1909년 12월에 점등을 시작했으며, 2003년 9월 16일 부산광역시 유형문화재로 지정된 등대이다. 고딕형 양식을 갖고 있으며 이 때문에 프랑스 등탑 형식과 유사하다. 출입구에는 진입계단의 폭에 맞게 목재를 이용한 돌출형 경사 현관을 설치하였으며, 상부 현판에는 조선 황실의 상징인 오얏꽃 문양이 새겨져 있는 등 한국, 일본, 유럽의 건축양식이 혼합된 구조로 되어 있다. 근대 서구 건축의 양식, 재료 등이 최초로 사용되었던 건물 중 하나이고 다른 등대에 비해 원형을 상당 부분 잘 간직하고 있기 때문에 역사적, 건축사적 가치가 돋보이는 문화재이다.'),
('2726843', '가덕도 연대봉', '부산광역시 강서구 천성동', NULL, '35.0317518247', '128.8216713782', NULL, NULL, '26', '440', 'NA', 'NA01', NULL, NULL, '가덕도는 부산에 속한 섬 중 가장 큰 섬으로 신석기시대부터 사람이 살았던 것으로 추정되며, 임진왜란과 일제강점기까지 우리나라의 아린 역사를 지켜본 섬이다. 연대봉은 해발 459미터의 높이로 2~3시간이면 다녀올 수 있는 산으로 높이가 그리 높지도 않아 오르기도 어렵지 않지만 정상에 오르면 높은 산에 오른 듯한 기분과 전망을 경험할 수 있다. 산세가 원만하여 가족단위로 가볍게 등산하기에 알맞으며 정상에 가까이 오르면 가덕도 바다와 거가대교를 한눈에 볼 수 있다. 연대봉 정상에는 임진왜란 당시 최초로 왜적을 발견해 불을 피워 올렸던 봉수대를 볼 수 있다. 산과 바다의 청취를 동시에 느낄 수 있는 곳이다. 

(출처 : 비짓부산 홈페이지)'),
('3015365', '가덕도외양포전망대', '부산광역시 강서구 외양포로 10 (대항동)', NULL, '34.9897467690286', '128.82890339481102', 'https://tong.visitkorea.or.kr/cms/resource/22/3015322_image2_1.JPG', 'https://tong.visitkorea.or.kr/cms/resource/22/3015322_image3_1.JPG', '26', '440', 'VE', 'VE01', '46771', NULL, '가덕도 외양포전망대는 가덕도 가장 안쪽 끝자락 마을인 외양포마을로 들어가는 언덕길에 조성된 전망대이다. 외양포전망대는 주차장이 구비되어 있으며 주차장이 전망대를 겸하고 있는 곳으로 외양포항과 외양포 앞바다를 바라볼 수 있고 거제도로 가는 거가대교와 거제도를 조망할 수 있는 곳에 자리 잡고 있어 풍광이 아름다운 곳이다. 바로 아래에는 외양포 야생화단지가 조성되어 있으며 야생화단지에는 다양한 종류의 야생화가 심어져 있고 특히 수국을 많이 심어놓은 곳으로 수국이 피는 시기에는 많은 사람들이 찾는 곳이다. 전망대 인근에 일본군이 구축한 외양포 포진지도 있어 역사의 아픔을 느껴보는 시간도 가져보면 좋은 곳이다.'),
('597467', '가덕도횟집', '인천광역시 중구 연안부두로 61', NULL, '37.4534344933242', '126.599850484963', 'https://tong.visitkorea.or.kr/cms/resource/74/1884774_image2_1.jpg', 'https://tong.visitkorea.or.kr/cms/resource/74/1884774_image3_1.jpg', '28', '110', 'FD', 'FD01', '22348', NULL, '넓은 실내공간을 자랑하는 가덕도횟집에서는 신선한 생선만을 취급한다. 항상 싱싱하고 푸짐한 활어회와 얼큰하고 시원한 매운탕을 맛볼 수 있다. 인천 연안부두 인근 가성비 횟집으로도 입소문이 나있다. 모둠회가 대표 메뉴이며 이 외에도 다양한 구성의 코스요리와 세트메뉴, 점심특선 메뉴를 맛볼 수 있다.'),
('125462', '가덕산', '경기도 가평군 북면 목동리', '산 1-1', '37.9405556371', '127.6121190936', 'http://tong.visitkorea.or.kr/cms/resource/24/1900124_image2_1.jpg', 'http://tong.visitkorea.or.kr/cms/resource/24/1900124_image3_1.jpg', '41', '820', 'NA', 'NA01', '12403', NULL, '경기 제1봉인 화악산(1,468m)에서 동남쪽으로 뻗어 내린 능선 위에 솟아있는 가덕산(858m)은 몽덕산과 북배산의 능선 중간에 자리 잡고 있다. 사계절 아름다운 이곳은 봄에는 온갖 꽃들과 새순이 피어나고, 여름에는 초록색 수풀과 함께 유난히 많은 싸리나무가 보랏빛 꽃을 피워 그 아름다움에 반하게 된다. 가을에는 초록빛 초원 지대가 억새군락을 이뤄 출렁이는 물결을 볼 수 있고 겨울에는 눈 내린 설경이 일품이다. 가덕산 정상에 오르면 서북 방향으로 화악산이 보이고, 남쪽으로는 목동 평야와 북배산과 계관산 너머 삼악산으로 이어지는 능선이 한눈에 들어온다. 동쪽으로는 의암호와 춘천호, 그리고 호반의 도시 춘천시가 보인다.'),
('2903777', '가덕한우정육점', '충청북도 청주시 상당구 단재로 940', NULL, '36.5634910212', '127.5291215233', 'http://tong.visitkorea.or.kr/cms/resource/63/2903763_image2_1.png', 'http://tong.visitkorea.or.kr/cms/resource/63/2903763_image3_1.png', '43', '111', 'FD', 'FD01', '28190', NULL, '가덕한우정육점은 충청북도 청주시 상당구 남일면 두산리에 있다. 외관과 인테리어는 깔끔한 분위기다. 내부에는 단체석이 마련되어 있어 각종 모임을 가지기 좋다. 대표 메뉴는 한우암소 특수부위, 한우암소 갈빗살, 한우암소 꽃등심 등 각종 구이용 한우다. 식사류는 한우 사골곰탕, 한우육회비빔밥, 차돌 된장찌개, 물냉면, 비빔냉면 등이 있다. 고기를 직접 사서 상차림비용을 내고 먹는 형식이다. 반찬은 로봇을 이용해 서빙한다. 문의청남대 IC에서 가깝고, 주변에 더플레이그라운드와 무심천이 있다.'),
('2866692', '가데나 레스토랑', '대전광역시 유성구 반석로 136-6 (반석동)', NULL, '36.3898123840', '127.2997523680', 'http://tong.visitkorea.or.kr/cms/resource/83/2866683_image2_1.jpg', 'http://tong.visitkorea.or.kr/cms/resource/83/2866683_image3_1.jpg', '30', '200', 'FD', 'FD02', '34065', NULL, '가데나 레스토랑은 대전광역시 유성구 반석동에 있다. 현대적인 감각이 돋보이는 외관과 고급스러운 분위기를 연출하는 인테리어가 눈에 띈다. 내부에는 총 3개의 단체석 룸이 있어 세미나 및 돌잔치등의 각종 행사와 모임을 하기 좋다. 야외에서는 바비큐 파티나 하우스 웨딩이 진행되기도 한다. 대표 메뉴는 무농약으로 재배한 블루베리를 듬뿍 올린 블루베리 피자다. 이 밖에 오징어샐러드, 가데나 라이스, 큐브 스테이크 등이 준비되어 있다. 좋은 식자재 사용을 최우선 원칙으로 삼고있고 식전빵부터 블루베리크림치즈, 리코타치즈등을 직접 만들어 사용하여 건강한 외식문화를 선도한다. 매장 위치는 유성 IC에서 가깝고, 주변에 대전시민천문대, 계룡산국립공원이 있다.'),
('2361026', '가도 가도 또 가고 싶은 여행지의 스테디셀러', NULL, NULL, '38.2133149015', '128.6003708453', 'http://tong.visitkorea.or.kr/cms/resource/01/1964001_image2_1.jpg', 'http://tong.visitkorea.or.kr/cms/resource/01/1964001_image3_1.jpg', '51', '210', 'C01', 'C0112', NULL, NULL, '대한민국 국민이라면 누구나 적어도 세 손가락 안에 꼽는 대표 관광지가 속초다. 백두대간의 허리에 우뚝 솟은 설악산이 든든하게 받쳐주고 시원하게 펼쳐진 동해의 푸른 파도가 넘실대는 곳! 보고 먹고 즐기며 속초를 속속들이 알고 싶다면 이번 코스를 추천한다.'),
('2846052', '가드너스', '경기도 파주시 탄현면 헤이리마을길 59-52', NULL, '37.7897037711', '126.6961266153', 'http://tong.visitkorea.or.kr/cms/resource/27/2846027_image2_1.JPG', 'http://tong.visitkorea.or.kr/cms/resource/27/2846027_image3_1.JPG', '41', '480', 'FD', 'FD05', '10859', NULL, '가드너스는 경기도 파주시 헤이리 예술마을에 위치한 대형 베이커리 카페이다. 외관 및 내부에서 모던한 분위기를 느낄 수 있으며, 공간마다 작은 테마처럼 각각 다른 분위기로 꾸며져 있어 원하는 좌석을 선택하여 앉아보는 재미가 있다. 또한, 루프탑과 서쪽에 있는 좌식 테이블에서는 지는 노을을 감상할 수 있다. 가드너스는 유기농 밀가루를 사용하여 당일에 빵을 만들고, 단맛과 신맛, 그리고 바디감이 적절하게 밸런싱 된 원두를 선택할 수 있도록 했다.'),
('2901496', '가드니아 제빵소 본점', '경기도 구리시 동구릉로460번길 114 (사노동)', NULL, '37.6379322725', '127.1445094162', 'http://tong.visitkorea.or.kr/cms/resource/91/2901491_image2_1.jpg', 'http://tong.visitkorea.or.kr/cms/resource/91/2901491_image3_1.jpg', '41', '310', 'FD', 'FD03', '11906', NULL, '﻿ 가드니아 제빵소 본점은 구리시 사노동에 있는 베이커리 카페이다. 자차 이용 시 내비게이션을 구리 왕숙 체육공원을 찍고 가면 힘든 골목길로 가지 않고 편한 큰길로 안내가 된다. 주차는 카페 건물 앞 주차장이 넓어 편리하다. 2층의 단독 건물을 다 쓰고 있는 카페는 매장이 넓고 층고가 높아 개방감이 있다. 2층엔 테라스 자리도 있어 날씨 좋은 날 이용하면 남양주 다산 신도시 등이 한눈에 내려다 보인다. 유기농 밀가루, 천연 발효종, 고급 프랑스 버터를 사용하여 매일 굽는 빵 맛이 좋아 사람들의 발길이 끊이지 않는다.
※ 반려동물 동반가능'),
('798518', '가든갤러리', '경기도 남양주시 강변북로632번길 57-28 (수석동)', NULL, '37.58774484472282', '127.17413422606717', 'https://tong.visitkorea.or.kr/cms/resource/99/3568799_image2_1.jpg', 'https://tong.visitkorea.or.kr/cms/resource/99/3568799_image3_1.jpg', '41', '360', 'FD', 'FD02', '12268', NULL, '가든갤러리는 남양주에 위치한 이탈리안 레스토랑이다. 자작나무 정원과 생화 장식이 어우러진 감성적인 인테리어가 돋보인다. 가든갤러리는 블루리본 서베이에 13년 연속 등재되었으며, 코카콜라 레드리본 맛집으로도 인정받았다. 또한 드라마 ,  등의 촬영지로도 알려져 있다. 또한 정원에서 야외웨딩과 스몰웨딩 등 다양한 행사를 진행할 수 있다. 서울 근교에 있어 찾아오기 쉬우며, 자작나무 정원과 빈티지 감성의 아늑한 실내는 데이트나 지인, 혹은 가족과 모처럼의 식사 시간을 기분 좋게 해 준다. 
가든갤러리의 대표메뉴는 텍사스 바비큐 폭립과 비프립이다. 20시간의 수비드 과정을 거쳐 한정 수량만 준비하고 있다. 이외에도 파스타, 리조또, 피자 등 다양한 양식메뉴를 맛볼 수 있다.'),
('4008808', '가든뷰', '서울특별시 강서구 마곡동로 166 (마곡동)', NULL, '37.5690918473471', '126.836784043269', 'https://tong.visitkorea.or.kr/cms/resource/70/4021070_image2_1.jpg', 'https://tong.visitkorea.or.kr/cms/resource/70/4021070_image3_1.jpg', '11', '500', 'SH', 'SH04', '07790', NULL, '가든뷰는 정원을 바라보는 여유처럼 도심 속에서 자연의 편안함을 느낄 수 있는 라이프스타일 및 주거 관련 브랜드입니다. 감각적인 인테리어 소품과 식물을 활용한 공간 제안을 통해 고객의 삶에 싱그러운 힐링을 더해줍니다.'),
('2900308', '가든세계평화', '경상북도 청송군 경동로 5185', NULL, '36.5041023204', '129.1218147595', 'http://tong.visitkorea.or.kr/cms/resource/90/2900290_image2_1.jpg', 'http://tong.visitkorea.or.kr/cms/resource/90/2900290_image3_1.jpg', '47', '750', 'FD', 'FD01', '37411', NULL, '가든세계평화는 경상북도 청송군 진보면 신촌리에 있다. 세월의 흔적이 엿보이는 외관과 고풍스러운 분위기를 연출하는 인테리어가 눈에 띈다. 내부에는 단체석이 마련되어 있어 각종 모임을 하기 좋다. 대표 메뉴는 약수에 전복, 녹두, 닭다리를 넣고 끓인 백숙 2그릇과 닭불고기 한 접시가 포함된 세트메뉴 숯불닭불백숙이다. 닭가슴살에 특제 양념을 입혀 구운 닭불고기도 별미다. 이 외에 누룽지 백숙, 닭날개 등도 맛볼 수 있다.'),
('732484', '가든파이브라이프(Garden5life)', '서울특별시 송파구 충민로 66 (문정동)', NULL, '37.4776148068165', '127.12496172014303', 'https://tong.visitkorea.or.kr/cms/resource/20/3499620_image2_1.jpg', 'https://tong.visitkorea.or.kr/cms/resource/20/3499620_image3_1.jpg', '11', '710', 'SH', 'SH07', '05838', NULL, '가든파이브라이프(Garden5life)는 단순한 쇼핑공간이 아니라 거대한 문화복합단지이다. 쇼핑, 문화, 오락, 휴식 등 원하는 모든 것을 동시에 즐길 수 있으며 패션, 생활용품, 전자제품, 산업 제품, 공구 소재까지 필요한 모든 것을 한 번에 만날 수 있는 곳이다. 생산과 판매, 도매와 소매가 한 곳에서 이뤄지는 진정한 원스톱 문화쇼핑을 즐거움을 모두 실현하는 가든파이브는 교통이 복잡한 남대문, 동대문 상권의 한계를 뛰어넘어 러시아, 동남아, 남미 등 세계 고객까지 끌어들인다는 비전으로 미래형 문화특구의 청사진을 실현한다.'),
('2876098', '가든파티 계양점', '인천광역시 계양구 경명대로 977', NULL, '37.5441060460231', '126.715500536711', 'https://tong.visitkorea.or.kr/cms/resource/95/2876095_image2_1.jpg', 'https://tong.visitkorea.or.kr/cms/resource/95/2876095_image3_1.jpg', '28', '245', 'FD', 'FD01', '21042', NULL, '가든파티 계양점은 계양산 입구 계양문화회관, 계양산장미원 인근에 있다. 버스나 지하철 등의 대중교통 이용도 편리하고 주차장이 넓어 자가용 이용도 편리하다. 매장 내부는 넓고 깔끔하며 테이블도 많다. 한우 안심, 채끝등심 등 고급 부위부터 육회비빔밥, 갈비탕까지 다양한 메뉴를 즐길 수 있으며, 밑반찬과 소스까지 정성이 느껴지는 맛을 자랑한다. 인근에 계양산산림욕장, 계양공원, 용종음식문화시범거리, 인천나비공원 등이 있어 산책하며 둘러보기 좋다.'),
('2860348', '가든포레스트', '충청북도 청주시 청원구 도원세교로 222-6', NULL, '36.6968871677', '127.5479605858', 'http://tong.visitkorea.or.kr/cms/resource/35/2860335_image2_1.jpg', 'http://tong.visitkorea.or.kr/cms/resource/35/2860335_image3_1.jpg', '43', '114', 'FD', 'FD05', '28150', NULL, '가든포레스트는 충청북도 청주시 청원구 내수읍 덕암리에 있는 베이커리 카페다. 현대적인 감각이 돋보이는 외관과 고급스러운 분위기를 연출하는 인테리어가 눈에 띈다. 내부에는 단체석이 마련되어 있어 각종 모임을 하기 좋다. 외부에는 각종 포토존이 설치되어 있다. 대표 메뉴는 쌉쌀한 쑥과 달콤한 크림이 만난 포레스트이며, 아메리카노, 카페라테, 허브티, 계절과일주스, 청귤에이드, 자몽주스 등도 판다. 여러 가지 종류의 빵도 맛볼 수 있다.'),
('127257', '가라산', '경상남도 거제시 남부면 다대리', NULL, '34.753536', '128.626891', NULL, NULL, '48', '310', 'NA', 'NA01', '53322', NULL, '거제의 최남단 해변에 위치한 가라산은 거제에서 제일 높은 산으로 높이는 585m이고, 노자산과 같은 준령에 있는데, 학동 뒷산은 노자산이고 다대 뒷산은 가라산이다. 숲이 울창하고 단풍나무가 많아 거제도 산 중에 단풍이 제일 좋으며, 사계절 산세의 변화가 뚜렷하여 비단같이 아름답다는 뜻의 가라산(加羅山)으로 불린다. 산 정상에는 가라산 봉수대가 있으며, 이 정상을 기점으로 남부면 탑포리와 다대리, 그리고 동부면의 학동리로 구분한다.'),
('2757617', '가락골마산아구찜', '서울특별시 송파구 송이로19길 3', '(가락동)', '37.4974579379325', '127.121742790978', NULL, NULL, '11', '710', 'FD', 'FD01', '05714', NULL, '고추 된장 무침, 자른 김 등 반찬은 단출 하지만 푸짐하게 나오는 찜 요리와 맛으로 가락동에서 소문난 맛집이다. 매운 찜 요리를 다 먹고 나서 먹는 볶음밥도 인기다. 소수로 오는 손님들을 위한 2인 상 낙지볶음과 갈치조림 돌솥밥도 많이 찾는다. 3호선 경찰병원역 1번 출구에서 경찰병원을 지나 가락현대 아파트 맞은편 코너에 있다.'),
('132215', '가락농수산물종합도매시장', '서울특별시 송파구 양재대로 932 (가락동)', NULL, '37.4960786971', '127.1107693087', 'http://tong.visitkorea.or.kr/cms/resource/37/3568037_image2_1.jpg', 'http://tong.visitkorea.or.kr/cms/resource/37/3568037_image3_1.jpg', '11', '710', 'SH', 'SH06', '05699', NULL, '가락농수산물종합도매시장은 국내 최대의 농수산물 도매시장이다. 1985년 청과시장과 수산시장이 처음 문을 열면서 국내 최고의 농수산물 유통단지로 성장해 왔다. 기타 직판시장이 들어서면서 오늘날의 규모로 자리 잡았으며 16만 4천여 평에 달하는 부지에 각종 시장 건물 17동이 있다. 연간 230여만 톤(하루 7,500여톤)으로 세계 최대 거래 물량을 자랑하며, 서울시 소요량의 49%, 전국 32개 공영도매시장이 취급하는 총거래량의 40%를 차지할 정도로 우리나라 농수산물 유통의 중심적인 역할을 하고 있다.'),
('2757647', '가락몰', '서울특별시 송파구 양재대로 932 (가락동)', NULL, '37.4960786971', '127.1107693087', 'http://tong.visitkorea.or.kr/cms/resource/56/3467156_image2_1.jpg', 'http://tong.visitkorea.or.kr/cms/resource/56/3467156_image3_1.jpg', '11', '710', 'SH', 'SH05', '05699', NULL, '가락농수산물도매시장 옆 송파대로 변에 현대식 건물로 지어진 쇼핑센터이다. 총 7개 동으로 구성되었으며 판매동 지하 1층은 청과물, 지상 1층 수산물, 건해물과 축산물을 판매한다. 2층은 마트 형식의 종합상가와 주방용품을 판매하며 3층은 전문식당관으로 운영되고 있다. 테마동 4관은 식품 식자재와 팔도 특산품 홍보매장도 운영한다. 2관에 있는 유기농 전문 마트 (주)다농도 주부들에게는 인기다.'),
('2757640', '가락수산시장', '서울특별시 송파구 양재대로 932 (가락동)', NULL, '37.4960786971', '127.1107693087', 'http://tong.visitkorea.or.kr/cms/resource/34/3567934_image2_1.jpg', 'http://tong.visitkorea.or.kr/cms/resource/34/3567934_image3_1.jpg', '11', '710', 'SH', 'SH06', '05699', NULL, '가락동 농수산물 도매 시장 내에 있는 가락수산시장은 동부간선도로와 분당·수서 간 고속도로가 지나는 탄천 변 둑길에서 출입하는 것이 가깝다. 전국에서 잡은 수산물들이 이곳 가락수산시장에 모여 시세가 형성된 뒤 다시 전국 각지로 팔려나간다. 수산시장 옆으로 가락시장의 한가운데에 해당하는 과일시장이 도매시장 내에서 면적이 가장 크다. 올림픽패밀리아파트를 마주 보고 채소 시장이, 문정동 우체국 맞은편으로 마늘·고추파 시장이, 가락시장역과 연결된 가락몰이 있다.'),
('3379778', '가락옥토버페스트 미식야행', '서울특별시 송파구 양재대로 932 (가락동)', '(가락동 600) 가락몰3층 하늘공원', '37.4960786971', '127.1107693087', 'http://tong.visitkorea.or.kr/cms/resource/73/3553073_image2_1.png', 'http://tong.visitkorea.or.kr/cms/resource/73/3553073_image3_1.png', '11', '710', 'EV', 'EV01', '05699', '02-3435-0455', '전국 각지 농수산물이 모이는 서울시 송파구 가락몰 3층 하늘공원에서 루프탑 야외축제 ''제2회 가락옥토버페스트 미식야행''을 개최한다. 낭만있는 캠핑, 수제맥주와 바베큐 그리고 가락시장에서 맛볼 수 있는 다양한 원물 요리까지 맛볼수 있는 행사이다. 10/24(금)~10/26(일), 3일간 약 20여 개의 전국 수제맥주브루어리와 다양한 먹거리 팝업 그리고 흑백요리사 출신 요리사들의 미식대결까지 새로운 맛의 향연이 펼쳐질 예정이다.'),
('2671267', '가락청', '전북특별자치도 전주시 완산구 한지길 68', '(풍남동3가)', '35.8173223769', '127.1535667664', NULL, NULL, '52', '111', 'AC', 'AC03', '55041', NULL, '더할 가 (加) + 즐거울 락 (樂) 여행의 즐거움을 더한다는 뜻을 담은 한옥 숙박시설로, 가락청(加樂聽)이란 우리 음악 정악연주의 진수라 하는 영산회상 중 넷째 곡을 일컫는 ‘가락 더리’를 의미하기도 한다.
『국악의 집』이라는 별칭을 갖고 있는 이곳은 1926년부터 1974년까지 전주의 대표적 명문학교인 전주여고 교장 관사가 위치했던 유서 깊은 곳으로, 이후에는 판소리 본고장답게 최고의 명창과 연주자들이 교유하며 후진을 양성하던 우리 음악의 산실이기도 했다.
가락청에 오시면 편안한 여행의 휴식은 물론 예향 전주의 상징적 공간인 「복합문화공간 행원」과 연계하여 매주 토요일 국악 라이브 공연을 무료로 함께 하실 수 있으며 한옥마을 공영주차장과 가까워 이동이 편리하고 국악방송국, 소리문화관 등과 인접하여 은은한 소리 가락이 늘 기분 좋게 하는 최적의 쉼터가 될 것이다.'),
('2013680', '가람', '충청북도 제천시 수산면 월악로 2970', NULL, '36.9329354680', '128.1772085952', 'http://tong.visitkorea.or.kr/cms/resource/26/2013726_image2_1.JPG', 'http://tong.visitkorea.or.kr/cms/resource/26/2013726_image3_1.JPG', '43', '150', 'FD', 'FD01', '27220', NULL, '청풍호에서 직접 잡은 물고기로 직접 담근 고추장, 된장, 간장을 넣어 푹고은 어탕 전문점이다. 주차 공간이 넓게 조성되어 있으며 정갈한 유럽식 건물로 되어있다. 직접 우려 주는 다양한 차도 마실 수 있으며, 갓 잡은 재료를 활용하기 때문에 신선함과 정성스러움이 함께 공존하는 곳이다. 대표 메뉴인 어탕과 더불어 어탕순두부, 어탕국수 등 다양한 해산물 요리를 판매하고 있다. 주변에 자드락길, 옥순봉, 청풍호 등 볼거리가 많아 한방음식과 함께 다양한 볼거리, 체험거리로 일석이조의 만족감을 느낄 수 있는 음식점이다.'),
('2736710', '가람', '경기도 광주시 남종면 산수로 1633-20', NULL, '37.4959348976', '127.2991160804', 'http://tong.visitkorea.or.kr/cms/resource/69/2750669_image2_1.jpg', 'http://tong.visitkorea.or.kr/cms/resource/69/2750669_image3_1.jpg', '41', '610', 'FD', 'FD02', '12708', NULL, '팔당호가 한눈에 보이는 뷰를 가지고 있어, 멋진 뷰와 맛있는 식사를 동시에 즐길 수 있는 뷰 맛집이다. 서울 근교에 위치해 접근성도 좋고 나들이 삼아 찾는 손님들이 많다.  분위기 좋고 경치 좋은 레스토랑이다.'),
('2906155', '가람', '제주특별자치도 제주시 복지로북길 4', '1층', '33.4888787305', '126.5206569716', 'http://tong.visitkorea.or.kr/cms/resource/52/2906152_image2_1.jpg', 'http://tong.visitkorea.or.kr/cms/resource/52/2906152_image3_1.jpg', '50', '110', 'FD', 'FD01', '63220', NULL, '가람은 KBS 제주방송총국 앞에 있다. 돌솥밥추어탕이 대표메뉴로 추어탕과 돌솥밥이 세트로 나온다. 양배추샐러드, 피클, 단호박 등 건강식 밑반찬이 함께 나오며 돌솥밥은 비빔밥으로 먹고 누룽지를 만들어 먹을 수 있다. 추어탕은 들깨가루를 넣고 깔끔하게 끓여낸 구수한 보양식으로 방송국 사람들의 단골집이기도 하다. 여름 메뉴로는 녹차 독새기 콩국수가 있다. 주변 여행지로 민오름, 제주도민속자연사박물관 등이 있다.'),
('2740980', '가람관광농원', '경상남도 합천군 봉산면 인덕로 930', NULL, '35.5874588369', '128.0576566795', 'http://tong.visitkorea.or.kr/cms/resource/51/2741151_image2_1.jpg', 'http://tong.visitkorea.or.kr/cms/resource/51/2741151_image3_1.jpg', '48', '890', 'AC', 'AC05', '50210', NULL, '가람펜션캠핑장은 펜션과 오토캠핑장을 함께 운영하고 있다. 캠핑장 입구에 오리, 닭, 토끼 등을 볼 수 있는 미니 동물농장이 있어 캠퍼들을 반갑게 맞아준다. 캠핑장 사이트는 파쇄석으로 이뤄져 있고 화장실, 개수대, 샤워장을 갖추고 있다. 특히 여자 화장실에 어린이용 세면대가 따로 설치되어 있어 어린이들이 이용하기에 편리하고, 개수대에 전자레인지가 비치되어 있어 간편한 요리를 해 먹을 수도 있다. 또한 어린이들의 사랑을 받고 있는 트램펄린이 설치되어 있고, 여름철엔 대형 수영장을 운영한다. 뿐만 아니라 캠핑장 옆으로 흐르는 계곡에서 물고기 잡기와 물놀이도 즐길 수 있다.'),
('2627867', '가람나무', '경기도 파주시 소라지로327번길 126-21', '(송촌동)', '37.7547493903', '126.6891949040', NULL, NULL, '41', '480', 'AC', 'AC03', '10863', NULL, '흙, 나무, 돌, 그리고 강바람으로 지은 집. 펜션의 이름이 가람나무인 이유는 펜션 앞에 임진강이 흐르고 나무 향이 가득한 집이기 때문이다. 가람나무펜션은 파주시 송촌동에 위치해 있다. 행정 주소가 바뀌기 전에는 ‘파주시 교하읍 송촌리’로 불리었는데 ‘교하’라는 이름은 한강과 임진강이 만난다고 하여 붙여졌다고 한다. 과거 행정 명을 통해서도 알 수 있듯이 펜션 앞으로 임진강이 흐르고 있고 그 임진강을 따라 통일의 염원을 담고 있는 자유로가 나 있다.'),
('2755053', '가람돌솥밥', '제주특별자치도 서귀포시 중문관광로 332 (대포동)', NULL, '33.2496926417', '126.4313090015', 'http://tong.visitkorea.or.kr/cms/resource/47/2755047_image2_1.jpg', 'http://tong.visitkorea.or.kr/cms/resource/47/2755047_image3_1.jpg', '50', '130', 'FD', 'FD01', '63544', NULL, '중문관광로에 있는 가람돌솥밥은 어릴 적 해녀이신 어머니가 물질하여 따온 신선한 재료를 얹어 주시던 기억이 생생해 그 정성과 마음을 담아 어머니의 마음을 나누려고 2003년에 문을 열었다. 깔끔한 밑반찬과 성게미역국 인기가 좋으며 모든 상차림에 전복 또는 활어회가 제공된다. 해물돌솥밥을 마가린과 간장에 비벼 먹을 수 있도록 준비해 둔 코너가 인상적이며 친절한 사장님과 직원들이 항상 웃으며 응대한다. 서귀포에서 든든하게 아침밥을 챙겨 먹기 좋은 곳이다.'),
('2761729', '가람리조트', '강원특별자치도 홍천군 두촌면 부채들길 29', NULL, '37.8364309102', '128.0184630062', 'http://tong.visitkorea.or.kr/cms/resource/68/2762468_image2_1.JPG', 'http://tong.visitkorea.or.kr/cms/resource/68/2762468_image2_1.JPG', '51', '720', 'VE', 'VE05', '25164', NULL, '가람리조트는 강원 홍천군 두촌면에 위치하고 있다. 단체워크샵과 MT를 할수있는 최적의 장소로서 그에 맞는 각종 부대시설들이 갖추고 있다. 넓은 인조잔디구장, 야외수영장, 바비큐장, 사계절 썰매장, 물놀이터를 갖추고 있다. 주변 관광지로 가리산 레포츠파크, 가리산 휴양림, 세이지우드CC, 내린천래프팅, 가령폭포, 용소폭포, 오션월드, 비발디파크 등이 있다.'),
('2994669', '가람문학관', '전북특별자치도 익산시 가람1길 76 가람문학관', NULL, '36.0353602265', '127.0844949735', 'http://tong.visitkorea.or.kr/cms/resource/62/2994662_image2_1.jpg', 'http://tong.visitkorea.or.kr/cms/resource/62/2994662_image3_1.jpg', '52', '140', 'VE', 'VE07', '54520', NULL, '가람 이병기 선생은 익산 출신으로, 우리의 말글과 문화를 지켜내고 시조를 현대적으로 부흥시킨 시조시인이자 국문학자이다. 가람문학관은 이러한 가람 선생의 현대시조 혁신, 국문학 정립, 한글 및 문화 수호 활동 등 수많은 업적과 정신을 기리고 그 가치를 계승하고자 개관하였다. 가람문학관은 익산시민을 포함한 전국의 관람객들을 위한 힐링 공간이자 문화인의 교양 함양 공간이다. 주요 시설로는 가람과 마주하기(영상실), 가람의 시조 음미하기(가람실), 가람의 생애 되짚기(상설전시실), 가람 기억 가져가기(체험실), 천호산 말길(세미나실), 용화산 능둠(휴게실) 등으로 이루어져 있다.'),
('2507936', '가람복집', '전라남도 여수시 화산로 20', NULL, '34.7714910536642', '127.640867021979', NULL, NULL, '46', '130', 'FD', 'FD01', '59643', NULL, '회식이나 단체 손님을 받을 수 있는 크고 작은 룸을 갖추고 있다. 품위 있는 코스요리는 물론이고 가볍게 즐길 수 있는 저렴한 복국이나 멍게비빔밥도 맛볼 수 있다. 복어는 몸이 따뜻해지고 혈액순환에 좋으며 근육의 경화를 방지하고 부드럽게 하는 효능이 있다. 또, 단백질과 비타민 B1과 B2 등이 풍부하고 유지방이 전혀 없어 고혈압, 당뇨병, 신경통 등 성인병 예방에 좋으며 간장 해독작용이나 숙취 제거에 탁월한 효과가 있고 혈액을 맑게 하여 피부를 아름답게 하는 특별한 어종이다. 까다롭게 손질해도 일부의 독성은 남지만, 이 독성은 오히려 온몸으로 퍼지면서 몸을 덥게 하여 피로를 풀어주고 숙취를 해소시켜준다고 한다. 배가 볼록하게 생긴 복어는 다른 생선과 비교할 수 없을 정도로 감칠맛이 뛰어나며 한 번 맛을 본 사람들은 지속적으로 찾게 된다. 복을 알고 정확히 손질해 내는 전문점인 본가 가람복집에서는 안심하고 근사한 복을 마음껏 맛볼 수 있다.'),
('3045767', '가람수상스키', '경기도 남양주시 화도읍 북한강로1570번길 16', NULL, '37.64767052809853', '127.36800164257528', 'https://tong.visitkorea.or.kr/cms/resource/53/3045753_image2_1.JPG', 'https://tong.visitkorea.or.kr/cms/resource/53/3045753_image3_1.JPG', '41', '360', 'LS', 'LS02', '12193', NULL, '가람수상스키는 경기도 남양주시 금남리에 위치한 수상레저 시설이다. 서울에서 30분 거리로 멀리 가지 않고도 수상스포츠를 경험할 수 있다. 이곳은 수상스키와 웨이크보드, 웨이크서핑을 즐길 수 있으며 웨이크서핑을 위한 최신형 보트를 완비하고 있다. 아름다운 북한강 뷰를 감상하기 좋은 2층에는 카페보다 더 분위기 있는 VIP라운지가 있어 휴양지에 온 듯한 기분을 느낄 수 있으며 태닝존과 포토존이 곳곳에 있어 다양한 즐거움을 누릴 수 있다. 당일 예약과 전화 예약, 당일 결제도 가능하다. 이용 요금과 강습에 관한 내용은 홈페이지를 통해 확인하면 된다.'),
('2860249', '가람오리구이', '경기도 용인시 처인구 원삼면 원양로 250-14', NULL, '37.182267561719', '127.306719437255', NULL, NULL, '41', '461', 'FD', 'FD01', '17167', NULL, '가람오리구이는 용인 용담저수지를 바라보면서 식사할 수 있는 오리요리 전문점이다. 돌판에 맛있는 유황오리와 감자, 양파, 버섯, 부추를 곁들여 먹는 유황 생오리로스와 유황 생오리 주물럭이 대표 메뉴이다. 이 외에 각종 볶음밥과 냉면 등의 식사 메뉴도 준비되어 있다. 냉난방기 설치가 완료되어 있고, 대형 주차장이 있어 편리하게 이용할 수 있다.'),
('2868839', '가람집옹심이', '강원특별자치도 강릉시 공항길30번길 16', NULL, '37.7611934162', '128.9393320379', 'http://tong.visitkorea.or.kr/cms/resource/29/2868829_image2_1.jpeg', 'http://tong.visitkorea.or.kr/cms/resource/29/2868829_image3_1.jpeg', '51', '150', 'FD', 'FD01', '25617', NULL, '가람집옹심이는 강릉시 공항길에 있는 강원도 토속 음식점이다. 주메뉴는 갓 부쳐낸 감자전, 뜨끈하면서도 매콤하고 시원한 장칼옹심이, 장칼국수, 새알심만으로 만든 순옹심이 등이다. 모든 음식을 주문받는 즉시 조리를 시작해 시간이 좀 걸리는 편이다. 반찬은 무생채와 김치가 제공되는데 셀프 바에서 필요한 만큼 추가로 먹을 수 있다. 가격이 합리적이고 강원도의 토속 음식 맛을 제대로 낸 집이라 현지인들도 많이 찾고 있어 대기가 있을 수 있다.'),
('1865597', '가람초연재', '경상북도 안동시 풍천면 하회종가길 76-6', NULL, '36.5389896786', '128.5162424474', 'http://tong.visitkorea.or.kr/cms/resource/48/2993048_image2_1.jpg', 'http://tong.visitkorea.or.kr/cms/resource/48/2993048_image3_1.jpg', '47', '170', 'AC', 'AC03', '36760', NULL, '가람초연재는 낙동강 상류가 굽이굽이 흐르는 고즈넉한 하회마을에 자리한다. 기와지붕 고택 사이에서 볏짚을 두툼하게 올려 말끔히 손질한 초가지붕의 가람초연재가 눈에 띈다. ‘가람’은 서애 류성룡의 15대손인 주인 할아버지의 호이고 ‘초연재’는 제비가 사는 초가집이란 의미로 실제 서까래나 처마 밑에 사는 제비를 볼 수 있다. 사랑채 마루에서 안채 뒤쪽으로 넘어가는 해는 몽환적인 시간을 선사한다. 갓 만들기 및 디딜방아, 맷돌 같은 민속도구 체험을 할 수 있다.'),
('129898', '가람화랑', '서울특별시 종로구 인사동10길 11 (관훈동)', NULL, '37.57428367900436', '126.98561394586464', 'https://tong.visitkorea.or.kr/cms/resource/36/3505536_image2_1.jpg', 'https://tong.visitkorea.or.kr/cms/resource/36/3505536_image3_1.jpg', '11', '110', 'VE', 'VE07', '03146', NULL, '가람화랑은 근대미술을 재조명하는 전시를 시작으로 개관하였다. 전문미술인이 경영하는 화랑으로서 형상미술을 위주로 하는 작가들을 중심으로 기획전과 초대전을 개최하고 있다. 근현대미술의 수준 높은 주요 작품들이 전시, 판매되고 있으며, 특히 구상성 짙은 작품들을 용이하게 관람할 수 있다. 인사동이라는 대중과의 원활한 접촉이 이루어지는 지리적 조건을 갖추고 있어 초보 컬렉터들도 작품 감상 및 작품 컬렉션에 관한 자문을 구할 수 있다.'),
('2640274', '가랑드', '전라남도 곡성군 곡성읍 낙동원로 10', NULL, '35.2827410854', '127.3015424956', NULL, NULL, '46', '720', 'FD', 'FD05', '57533', NULL, '가랑드 대표는 많은 사람들이 곡성의 특산품을 물었을 때 쉽게 떠올리지 못함이 아쉬워 곡성의 토란을 이용하여 남녀노소 즐길 수 있는 파이만주를 만들었다고 한다. 곡성 토란과 유기농 흑미와 이용해 만든 달콤하고 바삭한 식감의 수제 건강 먹거리로 곡성의 사랑하는 마음이 더해져 더욱 맛이 좋다. 토란파이만주 외에도 토란을 이용한 토란떡파이, 토란우유푸딩이 이 집의 시그니처 디저트이다.'),
('2726655', '가래골농원캠핑장', '경기도 포천시 창수면 포천로2811번길 178', NULL, '37.9931883432', '127.1571618898', 'http://tong.visitkorea.or.kr/cms/resource/22/2726922_image2_1.jpg', 'http://tong.visitkorea.or.kr/cms/resource/22/2726922_image3_1.jpg', '41', '650', 'AC', 'AC05', '11134', NULL, '가래골농원 캠핑장은 포천시 창수면에 위치한 종현산 자락에 있다. 총면적 148,000m² 달하는 대지에 가족농원 캠핑장을 모토로 조성되었다. 텃밭과 동물농장이 구비돼 있으며, 펜션과 오토캠핑장으로 구성돼 있는 복합 캠핑장이다. 이곳은 테마별로 조성된 사이트를 가지고 있는데, 잣나무와 소나무가 우거져있는 소나무 사이트와 팔각정, 그리고 제한된 구역이긴 하지만 반려견 동반입장이 가능한 알프스 사이트가 있다. 캠핑장 입구에서부터 눈길을 끄는 인공연못과 조형물들은 잘 가꾸어진 정원 속에서 빛을 발한다. 뿐만 아니라 이곳은 놀거리와 체험거리가 많은 캠핑장이다. 산책로가 잘 조성되어 있어 맑은 공기를 마시며 산책을 즐기기에도 좋다.'),
('2748296', '가래비시장(가납시장)', '경기도 양주시 광적면 가납리 738-29', NULL, '37.8238327341', '126.9841492836', 'http://tong.visitkorea.or.kr/cms/resource/71/2748271_image2_1.jpg', 'http://tong.visitkorea.or.kr/cms/resource/71/2748271_image2_1.jpg', '41', '630', 'SH', 'SH06', NULL, NULL, '가래비시장은 서울과도 가까운 양주에 사람 사는 냄새가 물씬 나는 시골 민속 장날의 구수한 모습이 남아 있는 전통 오일장 시장으로 끝자리가 4, 9일 날 장이 선다. 광적면 가납리에 있어 가납 시장으로 불리기도 하며, 안에 대규모 공영주차장이 무료로 운영되고 있어 가족과 나들이하기에 좋은 장소다. 구역별로 생선, 잡화, 야채 등 품목별로 나뉘어 있고 다양한 먹거리도 판매하고 있어 옛 시골 장터의 추억을 느끼며 즐길 수 있다.'),
('1839077', '가래실문화마을(별별미술마을)', '경상북도 영천시 화산면 가래실로 364', NULL, '36.0328070074', '128.8892738816', 'http://tong.visitkorea.or.kr/cms/resource/23/3574623_image2_1.JPG', 'http://tong.visitkorea.or.kr/cms/resource/23/3574623_image3_1.JPG', '47', '230', 'VE', 'VE04', '38808', NULL, '영천 가래실 문화마을은 ‘별별미술마을’이라는 이름으로 알려져 있다. 지붕 없는 미술관이라고 불릴 만큼 마을 전체가 벽화와 멋진 조형물들로 가득 꾸며져 있어서 마치 야외 미술관에 온 듯한 기분이다. 영천이 별의 도시라는 타이틀에 맞게 별을 주제로 한 작품들도 많다.
별별미술마을은 문화체육관광부가 주최한 2011 마을미술프로젝트 공모사업에 선정된 곳이다. 마을미술프로젝트는 지역의 정체성을 문화콘텐츠로 발굴하여 이를 예술로 승화시켜 문화예술향유 증진과 지역을 활성화하는 사업으로 이번 영천에 조성된「행복프로젝트-신몽유도원도」가 대표적인 사례라고 할 수 있다. 영천시 화산면 가상리~화산리~귀호리 일원으로 마을 곳곳에 45점의 다채로운 작품들을 설치하여 평범하던 지역을 대규모 미술 마을로 바꾸어 놓았다.'),
('2768070', '가래울해장국', '경기도 여주시 점동면 가래울길 29', NULL, '37.2051837464', '127.6756069815', 'http://tong.visitkorea.or.kr/cms/resource/93/2768293_image2_1.jpg', 'http://tong.visitkorea.or.kr/cms/resource/93/2768293_image3_1.jpg', '41', '670', 'FD', 'FD01', '12665', NULL, '경기도 여주시의 해장국 음식점이다. 페럼 컨트리클럽에서 자동차로 5분 이내에 닿을 수 있는 가래울 해장국은 새벽 다섯 시  반부터 문을 열어 라운딩 전 아침 식사를 챙기기 좋은 식당이다. 가래울 해장국에서는 주인이 직접 만드는 정갈한 맛의 반찬과 여주 쌀로 지어진 맛있는 쌀밥을 맛볼 수 있다.'),
('2743285', '가력도항', '전북특별자치도 부안군 변산면 새만금로 447-27', NULL, '35.7269248004', '126.5314023248', 'http://tong.visitkorea.or.kr/cms/resource/82/3359182_image2_1.JPG', 'http://tong.visitkorea.or.kr/cms/resource/82/3359182_image3_1.JPG', '52', '800', 'NA', 'NA02', '56343', NULL, '가력도항은 부안~군산 간 총길이 33.9㎞의 어항이다. 부안군 어민들이 가장 많이 이용하는 항구로 부안군 관할이지만 부안뿐 아니라 인근 군산시, 김제시 어선들도 많이 이용하는 항구다. 봄철과 가을철 꽃게가 많이 나오는 곳으로도 유명하며 생활 낚시인들도 즐겨 찾는 낚시 명소이다. 가력도항 내항 방파제, 가력 갑문 소공원, 새만금 방조제 갯바위 등이 낚시 포인트이며 계절이나 물때, 상황에 따라 삼치, 우럭, 노래미, 망둥어, 주꾸미, 고등어, 꽁치, 갈치, 갯장어 등 다양한 어종이 잡힌다. 가력도항은 바닷바람을 맞으며 힐링하며 산책하기에도 좋고 붉게 물드는 서해 낙조를 보는 것도 황홀하다. 가력도항 길 건너에는 가력도 생태공원과 전망대, 풍력발전기가 있다.'),
('125658', '가령폭포', '강원특별자치도 홍천군 내촌면 와야리', '산12-1', '37.8326', '128.1595', 'https://tong.visitkorea.or.kr/cms/resource/50/3494150_image2_1.jpg', 'https://tong.visitkorea.or.kr/cms/resource/50/3494150_image3_1.jpg', '51', '720', 'NA', 'NA01', '25162', NULL, '가령폭포는 자연 속에 숨겨진 오지의 백암산(1,099m) 서남쪽 기슭에 있는 폭포로 영혼을 연다는 의미로 개령폭포라고도 불린다. 홍천 9경 중 제5경으로 약 50m 높이의 기암절벽에서 우렁찬 굉음과 함께 물줄기가 쏟아지는 모습이 웅장하다. 주위에는 수많은 종류의 산나물과 약초, 야생화가 자생하고 있어 산새들의 낙원이기도 하다. 가령폭포는 숲에 가려 좀처럼 모습을 드러내지 않는 폭포로 알려져 있다. 폭포 주변에는 인적이 드물어, 아직도 깨끗한 폭포수와 자연스러운 멋을 간직하고 있는 폭포 중의 하나이다. 가령폭포로 가는 길은 비탈길이 많고 돌과 흙이 있어서 안전한 신발을 신고 가는 것이 좋다.
홍천-철정검문소-내촌면도관리-외아삼거리-연화사 쪽으로 올라가는 코스가 일반적이다. 연화사 쪽에서 숲길과 계곡 물길을 따라 20분 남짓 걸으면 아담하지만 웅장한 물소리를 내며 떨어지는 폭포에 도착하여 한여름에도 서늘함과 차가운 기운으로 더위를 떨칠 수 있다.'),
('2792073', '가로림글램핑', '충청남도 서산시 팔봉면 범머리길 80', NULL, '36.8345609965', '126.3294362043', 'http://tong.visitkorea.or.kr/cms/resource/16/2793116_image2_1.jpg', 'http://tong.visitkorea.or.kr/cms/resource/16/2793116_image2_1.jpg', '44', '210', 'AC', 'AC05', '31921', NULL, '가로림글램핑은 충남 서산시 팔봉면 호리에 있다. 서산 앞바다와 맞닿아 있어 즐길거리가 풍부하다. 캠핑장은 서산시청을 기점으로 17km가량 떨어져 있다. 자동차를 타고 서해로, 팔봉1로를 번갈아 달리면 닿는다. 도착까지 걸리는 시간은 20분 안팎이다. 캠핑장에는 글램핑 16개 동이 마련되어 있다. 객실 내부에는 침대, TV, 취사도구, 바비큐 시설, 에어컨, 냉장고, 화장실, 샤워장, 개수대 등 일상생활이 가능할 정도의 시설이 갖추어져 있다. 캠핑장 주변에는 고파도, 팔봉산, 서산아라메길 4코스가 있어 연계 여행에 나서기 수월하다.'),
('1553085', '가루매마을', '경기도 양평군 지평면 옥현리', '1452-7', '37.4519513148', '127.6145192906', 'http://tong.visitkorea.or.kr/cms/resource/49/3465849_image2_1.jpg', 'http://tong.visitkorea.or.kr/cms/resource/49/3465849_image3_1.jpg', '41', '830', 'EX', 'EX03', '12544', NULL, '가루매마을이 행정구역상 속한 양평군 지평면은 예부터 의향이라 불리어지는 고장으로, 구한말 을미년에 일본의 횡포에 항거, 전국 최초로 의병을 일으켜 전국으로 확산되게 한 곳이다. 가루매마을은 칠보산의 산줄기 사이로 골짜기 4곳에 속고개 마을, 부일마을, 사일마을, 가루매마을이라는 부락마을로 흩어져 분포하고 있다. 칠보산은 현재 폐광되었지만 은, 구리, 주석 등을 생산하는 광산이 있었고, 이에 7가지 보석이 나온다 하여 붙여진 명칭이다. 이 칠보산 산자락 능선 아래 대들보와 서까래 이음같이 마을이 분포되어 있다고 하여 붙여진 이름이 가루메였다. 그러나 지형적으로 부락마을이 흩어져 있는 데다 가루메의 ‘메’ 자가 ‘메칠 메’ 자여서 단결의 해친다 하여 체험마을을 시작하면서 ‘매화 매’ 자로 바꾸고 가르마처럼 골짜기 마을들이 한 군데로 모이며 단결하자고 지금의 가루매마을로 개명하였다.'),
('2823496', '가루실가든', '충청남도 예산군 가루실길 180', NULL, '36.6614702971074', '126.643540136393', NULL, NULL, '44', '810', 'FD', 'FD01', '32408', NULL, '충남 예산군에 위치한 가루실가든은 어죽과 민물매운탕을 전문으로 하는 음식점이다. 어죽은 민물새우가 들어가 통통하게 씹히는 맛이 있으며, 비린내도 없이 고소한 맛이 특징이다. 매운탕 종류도 다양하며, 특히 새우매운탕은 새우가 풍부하게 들어가 있어 인기이다. 외지에서도 손님이 많이 찾아오고 있으며 주차장이 넓어 가족 단위나 단체 손님이 방문하기에도 편리하다.'),
('2726649', '가루실캠핑장', '충청남도 예산군 덕산면 가루실길 307-8', NULL, '36.6514624457', '126.6391547231', 'http://tong.visitkorea.or.kr/cms/resource/95/2728195_image2_1.jpg', 'http://tong.visitkorea.or.kr/cms/resource/95/2728195_image2_1.jpg', '44', '810', 'AC', 'AC05', '32408', NULL, '가루실 캠핑장은 충남 예산군 덕산면에 자리 잡고 있다. 예산군청을 기점으로  예산로, 윤봉길로, 가루실길을 차례로 약 21㎞ 쯤 달리면 닿는다. 소요 시간은 30분 안팎. 덕산도립공원과 용봉산 사이 숲 속에 둥지를 트고 있어,  입구에 다다르면 세상과 단절된 것 같은 고즈넉한 풍광이 펼쳐진다. 어느 사이트에 접근하든 사방이 숲으로 둘러싸여 있어 자연친화적인 느낌을 준다. 캠핑장에는 자갈로 이뤄진 일반야영장 21면, 파쇄석이 깔린 개인 카라반 4면, 글램핑 2개 동이 마련돼 있다. 개인 트레일러와 개인 카라반 동반 입장이 가능하며, 소형 반려견에 한해 캠핑장 출입이 가능하다. 캠핑장 주변에 리솜스파캐슬, 용봉산자연휴양림, 덕산도립공원, 한국고건축박물관 등이 있으며, 다양한 종류의 음식점이 성업 중이다.'),
('1896032', '가름게스트하우스', '제주특별자치도 서귀포시 법환하로9번길 10', NULL, '33.2365573431858', '126.512325818449', 'https://tong.visitkorea.or.kr/cms/resource/88/3516088_image2_1.JPG', 'https://tong.visitkorea.or.kr/cms/resource/88/3516088_image3_1.JPG', '50', '130', 'AC', 'AC03', '63573', NULL, '제주 여행의 베이스캠프 가름게스트하우스는 친구, 동료, 가족은 물론 혼자서도 망설임 없이 찾을 수 있는 곳이다. 더욱이 모든 객실의 전용 화장실, 전용 주차장, 무료 세탁실, 자전거 실내보관, 라운지등 여행자 중심의 편의 시설을 갖추고 있다. 서귀포 시외버스터미널과 월드컵 경기장 근처로 제주 이디든 쉽게 이동할 수 있고 간단한 셀프 토스트가 제공되며 무거운 짐도 부담 없이 맡길 수 있다. 특히 제주 올레길 7코스를 품고 있어 올레코스에 대한 자세한 안내도 하고 자전거길 4코스 법환바당 인증센터와 가까워 함께 즐길 수 있다.'),
('2758198', '가리봉시장', '서울특별시 구로구 우마3길 19', NULL, '37.4817334322748', '126.889360327314', 'https://tong.visitkorea.or.kr/cms/resource/06/3589406_image2_1.jpg', 'https://tong.visitkorea.or.kr/cms/resource/06/3589406_image3_1.jpg', '11', '530', 'SH', 'SH06', '08387', NULL, '1970~90년대 옛 가리봉의 모습을 간직하고 있는 1976년경 개설된 재래시장으로, 현재는 인근에 거주하는 중국 동포를 대상으로 식자재를 파는 상점들이 많아졌다. 2018년 아케이드 설치와 바닥 공사 등을 완료해 날씨와 상관없이 쾌적하게 장을 볼 수 있다. 가리봉동은 1970년대 수출산업단지인 구로공단의 배후 주거지로 호황을 누렸던 곳으로, 주말에는 사람들이 밀려다닐 정도로 붐볐던 시절도있었다.'),
('2768130', '가리비칼국수', '인천광역시 남동구 오봉동로4번길 9 (도림동)', NULL, '37.4167599345861', '126.729877331085', NULL, NULL, '28', '200', 'FD', 'FD01', '21656', NULL, '가리비칼국수는 가리비를 코스로 먹을 수 있는 가리비칼국수 전문점이다. 가리비회와 가리비찜의 단품메뉴와 칼국수까지 세 종류를 모두 맛볼 수 있는 가리비코스가 있다. 가리비 요리를 종류별로 먹어 볼 수 있는 가리비 코스가 인기다. 칼국수에는 가리비와 바지락도 푸짐하게 들어 있다.'),
('125463', '가리산(포천)', '경기도 포천시 이동면 도평리', NULL, '38.0450563404', '127.4080179724', NULL, NULL, '41', '650', 'NA', 'NA01', '11110', NULL, '가리산(774m)은 백운산과 국망봉 사이에 위치한 신로봉에서 서쪽인 포천시 이동면 장암리 방면으로 뻗어 내린 능선상에 우뚝 솟아 있다. 사람들의 인적이 드물어서 풀들이 많아 헤치고 나가는데 어려움이 있는 산이지만 정상에서의 조망은 아름답다. 경기 제일의 고봉인 화악산, 명지산에 이어 세 번째로 높은 국망봉과 신로봉으로 이어지는 능선이 파노라마를 이룬다.'),
('125593', '가리산(홍천)', '강원특별자치도 홍천군 두촌면 가리산길 260-9', NULL, '37.854343620686066', '127.99878674622552', NULL, NULL, '51', '720', 'NA', 'NA01', '25164', NULL, '해발 1,050m의 고산으로 춘천시와 홍천군의 경계 지역에 위치한다. 산 이름인 가리는 단으로 묶은 곡식이나 땔나무 따위를 차곡차곡 쌓아둔 큰 더미를 뜻하는 순우리말로써, 산봉우리가 노적가리처럼 고깔 모양으로 생긴 데서 유래한다. 가리산은 울창한 산림과 기암괴석, 수타계곡 등의 아름다운 경관을 자랑하는 100대 명산이다. 봄에는 철쭉, 가을에는 단풍, 겨울에는 설경이 멋스럽다. 산 정상과 계곡에는 향토 수종인 참나무가 자라며 아래쪽으로는 두릅나무, 싸리나무, 산초나무 등 관목류와 약용으로 사용되는 피나물, 애기똥풀, 양지꽃 등 야생화가 자생하고 있다. 강원도에서 진달래가 가장 많이 피는 산으로도 유명하다. 산 정상에서는 홍천군과 춘천시의 풍경을 한눈에 볼 수 있으며, 향로봉에서 설악산을 거쳐 오대산으로 힘차게 뻗어나간 백두대간 등 강원 내륙의 고산준령을 조망할 수 있다. 소양호 쪽으로 하산길을 택하면 배를 타고 피로를 풀 수 있는 등 각 코스마다의 즐거움이 기다리고 있는 아름다운 산이다. 가리산에는 영서지방에서 가장 오래된 천년고찰 수타사가 있다.
가리산 자연휴양림이 있어 통나무집, 야영장, 체육시설 등 편의시설을 이용할 수 있어서 가족 휴양지로 주목받고 있으며, 휴양림 입구에는 용소폭포가 있고, 주변에 스키장·온천 등의 관광지가 많아 산행 후 휴식과 관광을 함께 즐길 수 있다.'),
('608471', '가리산막국수', '강원특별자치도 홍천군 두촌면 가리산길23번길 7', NULL, '37.83807192964', '128.013801514909', NULL, NULL, '51', '720', 'FD', 'FD01', '25164', NULL, '가리산 막국수는 넓은 주차장과 통나무집처럼 꾸려진 외관이 눈에 띄는 곳이다. 가리산 자연휴양림 입구에 위치한 한식당이다. 메밀면으로 만드는 막국수가 대표 메뉴이다. 매콤한 양념과 김 가루, 깨를 얹고 입맛에 맞게 동치미 국물을 넣어 먹는 전형적인 강원도 스타일이다. 민물새우 수제비 또한 인기 메뉴이며, 이 외에도 찌개류와 식사류 메뉴가 준비되어 있다.'),
('126905', '가리산자연휴양림', '강원특별자치도 홍천군 두촌면 가리산길 426', '(두촌면)', '37.8655595924949', '127.979484575743', NULL, NULL, '51', '720', 'NA', 'NA04', '25164', NULL, '홍천 가리산(해발 1,051m) 기슭의 우거진 숲과 노송들이 기암괴석과 조화를 이루는 곳에 있는 자연휴양림이다. 정상에는 3개의 봉우리가 바위로 이루어져 있고, 소양호로 갈 수 있는 가삽고개가 있으며 그 형태는 계단식 분지형으로 이루어져 있어 이국적 향취를 느낄 수 있다. 휴양림 내에는 예로부터 구전으로 전해오는 큰 바위얼굴, 석간수, 한천자의 묘, 무쇠 말재, 등골산, 산삼 등에 관한 전설이 있는 곳이다. 휴양림 내 시원한 계곡물을 맛보면서 등산할 수 있는 작은 장구실 골짜기와 큰 장구실 골짜기, 용수간 등 폭포가 3곳이 있어서 여름철에 피서객들이 많이 찾는다. 산 정상 및 산 복부와 계곡 부위에는 향토 수종인 참나무가 주종을 이루고 있으며 하층에는 두릅나무, 철쭉, 싸리나무, 산초나무 등 수많은 관목류와 약용으로 사용되는 피나물, 애기똥풀, 양지꽃 등 수많은 야생화가 산재하여 자연학습 관찰원으로 좋은 곳이다.
이곳에는 휴양림 숙박시설 외에도 텐트장, 취사장 등도 있어 단체야영지로 적당하다. 또한 피톤치드 성분이 함유된 통나무집과 산림욕장, 산책로 등이 잘 갖춰져 있다. 풋살경기장 등 체육시설도 있다. 등산코스는 블루코스와 레드코스가 있다.'),
('127508', '가리왕산', '강원특별자치도 정선군 정선읍 가리왕산로 707', '(가리왕산자연휴양림), 평창 진부면', '37.4618262980', '128.5634777835', 'http://tong.visitkorea.or.kr/cms/resource/68/2987668_image2_1.png', 'http://tong.visitkorea.or.kr/cms/resource/68/2987668_image3_1.png', '51', '770', 'NA', 'NA01', '26119', NULL, '우리나라 명산의 하나인 가리왕산은 강원도 정선군과 평창군에 걸쳐 있는 해발 1,561m의 산이다. 갈왕이 난을 피하여 숨어들었던 곳이라 하여 갈왕산이라고 불리다 일제강점기를 거치면서 가리왕산으로 이름이 바뀌었다고 전해진다. 가리왕산은 각종 수목이 울창하고 산삼을 비롯한 약초, 산나물이 풍부하다. 청명한 날에는 정상에서 동해를 관망할 수 있다. 회동계곡은 용탄천의 발원지며 맑은 물에는 천연기념물인 열목어가 서식하고 있고 주변에는 봄에는 철쭉이 만발하고 가을에는 단풍, 겨울에는 백설의 은세계를 이루어 4계절 장관을 이루고 있다. 경관이 수려하고 백두대간의 중심으로 주목 군락지가 있어 산림유전자원보호림과 자연휴양림으로 지정되는 등 경관과 생태적으로 가치가 큰 점에서 산림청 100대 명산 중 하나로 선정되었다. 
가리왕산에서는 매년 여름마다 가리왕산 뮤직페스티벌이 열리고 겨울에는 스키장과 리조트가 운영되고 있다. 등산객들에게도 인기 있는 장소로 많은 사람들이 찾는 강원도의 대표적인 관광지 중 하나이다. 주변에 천연기념물로 지정된 화암동굴, 옛 탄광 터를 예술공간으로 재탄생시킨 삼탄아트마인, 강원최대규모 스키장과 카지노를 갖춘 하이원리조트, 스카이워크와 짚와이어 등 다양한 관광지가 있어 함께 둘러볼 만하다.'),
('2801756', '가리왕산가든', '강원특별자치도 평창군 대화면 가평로 5', NULL, '37.4546831081', '128.4403251905', 'http://tong.visitkorea.or.kr/cms/resource/52/2801752_image2_1.jpg', 'http://tong.visitkorea.or.kr/cms/resource/52/2801752_image3_1.jpg', '51', '760', 'FD', 'FD01', '25361', NULL, '대화면에 위치한 가리왕산가든은 저렴한가격에 다양한 반찬과 국들로 맛있는 한식을 즐길 수 있는 한식뷔페이다.'),
('582215', '가리왕산이야기 펜션', '강원특별자치도 정선군 정선읍 청량길 32', NULL, '37.4240635890676', '128.577365097045', 'https://tong.visitkorea.or.kr/cms/resource/09/582509_image2_1.jpg', 'https://tong.visitkorea.or.kr/cms/resource/09/582509_image3_1.jpg', '51', '770', 'AC', 'AC03', '26119', NULL, '가리왕산 자연휴양림 입구에 자리한 가리왕산이야기 펜션은 가리왕산을 병풍처럼 두르고 2만여 평방미터의 대지에 조성되어 있다. 유럽식 고급 목조 주택으로 지어진 펜션동과 50여 년 이곳을 지켜온 고즈넉한 초가집을 개조해 만든 다실과 사장님께서 손수 황토로 지은 다실이 운영 중이다. 펜션동 본체는 총 네 개의 객실로 이루어져 있으며 깔끔한 인테리어와 사장님의 감성이 고스란히 담긴 예술 작품들로 꾸며져 가족과 연인들을 위한 공간으로 손색이 없다. 단체 이용객들을 위한 펜션동 별체는 복층으로 이루어져 있고 10여 명이 둘러앉고도 남을 널찍한 거실과 감각적인 인테리어의 주방이 눈에 띈다. 1층 침실과 2층 침실로 구성되어 있고 노래방 시설을 비롯하여 대형 TV 등이 마련되어 있다. 부대시설로는 황토로 잘 지은 황토방과 푸른 잔디밭에 멋지게 꾸며진 야외무대가 있다.'),
('3068424', '가리왕산케이블카', '강원특별자치도 정선군 북평면 중봉길 41-35', NULL, '37.4742535268', '128.6097538017', 'http://tong.visitkorea.or.kr/cms/resource/30/3533330_image2_1.jpg', 'http://tong.visitkorea.or.kr/cms/resource/30/3533330_image3_1.jpg', '51', '770', 'EX', 'EX07', '26100', NULL, '가리왕산 케이블카는 대한민국 100대 명산에 속하고 2018 평창동계올림픽 경기를 성공적으로 치렀던 가리왕산에 위치하고 있다. 올림픽 종료 후에도 많은 시민들이 가리왕산을 즐길 수 있도록 새롭게 단장하였다. 케이블카 상부에 2,400㎡의 생태탐방 데크로드를 비롯하여 농산품 무인판매점(기프트샵), VR체험관, DID 영상관, 고객쉼터, 카페 일오육일, 달빛 포토존 등 512.5㎡의 여러 편의시설이 설치되어 있다. 남녀노소 및 장애인 등 이동약자들이 불편함 없이 쉽게 접근 가능하다. 
케이블카는 기상 상황 등 안전상 이유로 사전에 공지 없이 조기 운행마감 또는 휴장 될 수 있으므로 사전 확인 후 방문하는 것이 좋다.'),
('2820640', '가림상회', '충청남도 부여군 임천면 성흥로97번길 4-5', NULL, '36.1899003585', '126.8928691464', 'http://tong.visitkorea.or.kr/cms/resource/19/3305119_image2_1.jpg', 'http://tong.visitkorea.or.kr/cms/resource/19/3305119_image3_1.jpg', '44', '760', 'EX', 'EX07', '33219', NULL, '가림상회는 관광두레 주민사업체로 선정되고 3년이 지난 2023년 7월에 정식 오픈을 했다. 가림상회를 운영하는 만세장터영농조합법인은 60세 이상 여성으로 구성된 만세장터 봉사회가 그 전신이다. 가림상회에서는 슈페너, 스프레드 브레드 등을 판매하고 있으며, 음료 주문 시 오란다도 함께 제공된다. 김밥, 밑반찬도 함께 판매 중이다. 체험 프로그램으로는 수제 하트 오란다 만들기(2인 이상), 수제 하트 영양바 만들기(2인 이상)가 준비되어 있다.'),
('2832447', '가림시골밥상', '경기도 파주시 탄현면 새오리로 68', NULL, '37.7906479225', '126.6858608619', 'http://tong.visitkorea.or.kr/cms/resource/46/2832446_image2_1.jpg', 'http://tong.visitkorea.or.kr/cms/resource/46/2832446_image3_1.jpg', '41', '480', 'FD', 'FD01', '10858', NULL, '경기도 파주시 프로방스 마을 부근에 있는 한정식 전문점이다. 성동리 마을회관 앞에 있어서 찾기 쉽다. 메뉴는 석쇠 소불고기정식, 꽃게장 정식, 가림 시골밥상 세 가지가 있다. 여러 가지 반찬이 제공되고 리필도 가능하다. 내부가 넓고 테이블도 많기 때문에 쾌적하고 깔끔한 분위기에서 여유 있는 식사를 즐길 수 있다. 연중무휴 영업하므로 운영 시간에만 맞추어 가면 언제든지 식사할 수 있지만 점심시간엔 대기가 필요하다.'),
('2893648', '가마골', '경상남도 양산시 물금읍 오봉7길 23', NULL, '35.3319931871609', '128.997692239692', NULL, NULL, '48', '330', 'FD', 'FD01', '50600', NULL, '가마골 소갈비찜은 경상남도 양산에 위치해 있다. 이곳의 대표메뉴 중 하나인 소갈비찜은 각종 과일과 신선한 야채, 다시마, 직접 재배한 표고버섯, 벌꿀 등 천연 재료를 듬뿍 사용하여 야들야들하고 감칠맛이 난다. 소갈비를 다 먹은 후 남은 양념에 콩나물을 비벼 먹어도 맛있고 밥을 볶아 먹어도 맛있다. 매운맛 조절도 가능하다. 다른 대표메뉴인 막국수는 강릉에서 3대를 거쳐 이어져온 전통방법을 그대로 계승받아 면을 손반죽하여 기계로 직접 뽑아 사용한다. 각종 야채, 과일, 해산물, 버섯 등을 듬뿍 넣고 육수를 만들기 때문에 국물맛이 시원하고 깔끔하다. 왕갈비탕은 엄선된 사골을 참나무 장작으로 가마솥에 푹 고아 각종 신선한 천연 재료들을 듬뿍 넣고 밤새 우려낸 전통의 맛이다. 특히 갈비탕에 들어가는 갈비는 미리 간을 하여 숙성시킨 다음 이곳만의 비법인 각종 재료를 첨가하여 삶기 때문에 잡내가 전혀 나지 않으며 부드럽고 담백하다.'),
('127423', '가마골계곡', '전라남도 담양군 용면 용소길 261', NULL, '35.4451873670', '127.0227046757', 'http://tong.visitkorea.or.kr/cms/resource/35/3027135_image2_1.jpg', 'http://tong.visitkorea.or.kr/cms/resource/35/3027135_image3_1.jpg', '46', '710', 'NA', 'NA01', '57300', NULL, '담양군 용면 용연리에 소재한 용추봉(523m)을 중심으로 사방 4㎞에 걸쳐 형성되어 있는 계곡이다. 그다지 산이 높다고는 할 수 없으나 총 311,000㎡의 넓은 규모에 울창한 숲 사이의 계곡과 맑은 물, 기암괴석이 수려한 경관을 이루고 있다. 입구에서부터 계곡을 따라 올라가면 크고 작은 폭포와 연못이 곳곳에 있어 걸음을 멈추게 한다. 수림도 잘 형성되어 풍부한 그늘을 만들고 있으며 중간중간 쉬기 좋은 쉼터가 잘 조성되어 있다. 계곡의 도로를 따라 안쪽으로 더 깊이 들어가면 입장료를 내고 들어가는 가마골 생태공원이 나온다. 가마골 생태정원은 계곡 입수가 불가하지만 하류쪽 가마골 계곡은 물놀이가 가능하다. 자연미는 덜하지만 길이 잘 닦여있고 계곡 주변으로 캠핑장, 펜션, 식당 등이 위치해있어 야영과 물놀이와 함께 숙식이 가능하다. 
가마골 계곡이 합류하는 담양호가 인접해 있으며 차량 이동 20분, 약 16㎞ 지점에 담양리조트, 차량 이동 24분 거리에 담양읍이 있다.'),
('2737354', '가마골계곡 핫캠핑장', '전라남도 담양군 용면 용소길 131', NULL, '35.4362301902', '127.0310319445', 'http://tong.visitkorea.or.kr/cms/resource/07/2737707_image2_1.jpg', 'http://tong.visitkorea.or.kr/cms/resource/07/2737707_image2_1.jpg', '46', '710', 'AC', 'AC05', '57300', NULL, '가마골계곡 핫캠핑장은 전남 담양군 용면에 있다. 담양군청을 기점으로 20Km 가량 떨어져 있다. 자동차를 타고 죽녹원로, 추월산로, 가마골로를 차례로 거치면  35분 안팎이면 도착한다. 캠핑장이 담양호와 가마골 생태공원 사이에 있어 기분 좋은 청량감을 만끽할 수 있다. 캠핑장이 산으로 둘러싸인 형상이라 어느 방향으로 고개를 돌려도 풍경이 좋다. 캠핑장에는 일반 야영장 18면과 카라반 5대가 있다. 일반 야영장은 모두 파쇄석으로 이뤄졌으며, 사이트 크기는 가로 5.6m 세로 9m다. 개인 카라반과 트레일러의 동반 입장도 가능하다. 카라반 내부에는 일상생활이 가능할 정도의 시설을 갖췄다. 외부 전용 데크에는 어닝 아래 바비큐 시설을 배치했다. 사계절 내내 운영하며, 반려동물은 C 구역에만 출입이 가능하다. 예약은 온라인 실시간, 전화, 현장에서도 가능하다.'),
('2525533', '가마골백숙', '경기도 양주시 장흥면 북한산로 1028', NULL, '37.7135870113', '126.9712897230', NULL, NULL, '41', '630', 'FD', 'FD01', '11523', NULL, '가마골백숙은 전통의 맛을 그대로 살린 백숙전문점이다. 다양한 건강 식재료와 좋은 품질의 원료육을 사용하여 오랜 시간 끓여낸 깊은 맛의 닭, 오리백숙을 정식 스타일로 제공한다. 백숙종류로는 누룽지백숙, 녹두백숙, 오리능이백숙, 황제능이삼계탕, 들깨삼계탕, 삼계탕 등 다양하게 준비되어 있다. 넓은 룸을 갖추고 있어 가족식사, 회식 등 다양한 모임을 가지면서 식사를 하기에 좋다.'),
('2828299', '가마골쉼터', '충청북도 단양군 새밭로 547-8', NULL, '36.9938655188386', '128.430178244365', NULL, NULL, '43', '800', 'FD', 'FD01', '27023', NULL, '가마골쉼터는 향토음식 경연 대회에서 은상을 수상 받고 향토음식 지정 업소로 인정받은 맛집이다. 식객 허영만의 백반 기행에도 나왔다고 하니 맛은 보장이다. 가마골쉼터는 상호에서 풍기는 인상처럼 단양에서도 굽이굽이 산으로 들어가다 보면 있는 시골집 풍경의 식당이다. 내부는 깔끔하고 정겨우며 널찍하다. 메뉴는 들깨옹심이, 들깨콩국수, 감자전, 닭볶음탕 등이 있고 주문과 동시에 조리가 시작되어 다소 시간이 걸릴 수 있다. 단양에서 재배된 감자와 들깨를 사용하고 가마골에서 자란 쑥으로 반죽한 쫄깃한 면발을 사용하고 있다. 들깨의 고소함과 쫄깃한 옹심이 그리고 쑥 향이 은은한 칼국수가 일품이다.'),
('2893649', '가마등', '경상남도 양산시 원동로 1123', NULL, '35.3534873866', '128.9411049860', 'http://tong.visitkorea.or.kr/cms/resource/83/2893383_image2_1.jpg', 'http://tong.visitkorea.or.kr/cms/resource/83/2893383_image3_1.jpg', '48', '330', 'FD', 'FD05', '50588', NULL, '양산 원동면에 있는 카페 가마등은 자연 그대로의 풍경과 잘 어우러진 야외 테라스로 유명하다. 카페에서 내려다보이는 숲속 작은 마을과 강은 한 폭의 그림 같다. 깔끔하고 예쁜 주방에서 직접 만드는 베이커리와 수제청 음료들이 다양하다. 차를 마시며 편안하게 이야기 나누기 좋은 좌식으로 되어 있는 공간도 있어 인기가 좋다. 반려견 동반은 야외 테라스에서만 가능하고 전용 주차장이 있어 편리하게 이용할 수 있다. 석산 근린공원이 인접해 있어 함께 둘러보기 좋다.
※ 반려동물 동반 가능'),
('126289', '가마미해수욕장', '전라남도 영광군 홍농읍 가마미로 355', NULL, '35.3997293920', '126.4090769892', 'http://tong.visitkorea.or.kr/cms/resource/63/3018763_image2_1.jpg', 'http://tong.visitkorea.or.kr/cms/resource/63/3018763_image3_1.jpg', '46', '870', 'NA', 'NA02', '57000', NULL, '영광읍 서쪽 24㎞ 거리에 위치한 해수욕장으로 1925년에 개장하였다. 길이 1㎞, 폭 200m의 백사장이 반달 모양으로 드리워져 있으며, 2,000여 그루의 울창한 소나무숲이 해안을 따라 길게 펼쳐져 있어 아늑한 분위기를 자아낸다. 수심은 1~2m에 불과하고 물이 깨끗해서 호남 3대 해수욕장의 하나로 꼽힌다. 가마미라는 해수욕장 이름은 뒤편에 있는 금정산의 산세가 마치 멍에를 멘 말의 꼬리처럼 생겼다 하여 가마미(駕馬尾)라고 하였다고 한다. 천연기념물 노랑부리백로와 괭이갈매기가 서식하고 있다.
해수욕장의 앞쪽으로는 숱한 섬들이 올망졸망 떠 있고, 그 바다 위로 한가로이 항해하는 어선들의 모습은 평화롭기 그지없다. 또한 칠산바다를 붉게 물들이는 이 곳의 서해낙조는 동해일출과는 사뭇 다른 운치를 안겨준다. 해수욕장 근처에는 뛰어난 해안 풍광을 자랑하는 백수해안관광도로, 바다낚시터로 유명한 돔배섬, 크기와 모양이 비슷한 섬 7개가 일자형으로 수평선 위에 떠 있는 칠산도가 있다.
해질 무렵 뒷편 금정산에 올라 바다 속으로 사라져가는 석양을 조망하는 것도 좋다.'),
('1625067', '가마소계곡', '전북특별자치도 부안군 상서면 청림리', NULL, '35.641484', '126.597752', 'https://tong.visitkorea.or.kr/cms/resource/13/3523413_image2_1.jpg', 'https://tong.visitkorea.or.kr/cms/resource/13/3523413_image3_1.jpg', '52', '800', 'NA', 'NA01', '56343', NULL, '가마소계곡은 전라북도 부안군 상서면 청림리에 위치한 계곡으로 이름은 폭포 아래 물웅덩이와 주변 지형이 가마솥처럼 움푹 파인 모습에서 유래하였으며 한자로는 부소(釜沼)라 한다. 계곡은 변산반도 남부의 세봉(해발 433m)에서 시작되어 비교적 좁은 협곡을 따라 형성되며 수려한 풍광을 자랑한다. 지류인 와룡소계곡과 연결되어 있어 통칭 ‘회양계곡’으로 불리며 전체 길이는 약 9km에 이른다. 내변산에서도 교통이 다소 불편한 지역에 속하지만 이곳의 폭포와 소는 하천 지형의 특징을 잘 보여주는 자연 자원이다. 가마소계곡은 내변산 탐방 시 빼놓을 수 없는 주요 경관지로 손꼽힌다.'),
('2844860', '가마솥 솔뚜껑', '경상남도 창원시 마산합포구 해양관광로 1594', NULL, '35.0855329500', '128.5728805048', 'http://tong.visitkorea.or.kr/cms/resource/58/2844858_image2_1.JPG', 'http://tong.visitkorea.or.kr/cms/resource/58/2844858_image3_1.JPG', '48', '125', 'FD', 'FD01', '51783', NULL, '마산 구산면에 있는 가마솥 솔뚜껑은 바닷가 바로 앞에 있는 바다 뷰 맛집이다. 솥뚜껑에 삼겹살과 모듬 해산물, 장어구이, 조개구이를 구워준다. 야외 테이블이 마련되어 마산 바다를 보며 음식을 즐길 수 있어 인기가 좋다. 메뉴는 실내와 실외로 나뉘어 주문할 수 있다. 실외 테이블에는 불판이 하나라 장어구이, 조개구이만 주문할 수 있고 계절에 따라 유동적으로 오픈한다. 실내 테이블에는 불판이 각 2개씩 놓여 해물 모듬구이와 삼겹살 또는 블랙타이거를 동시에 구워준다. 근처에 저도연육교가 있다. 		
※반려동물 동반 불가'),
('2905359', '가마솥 양푼이 밥상', '경상북도 경주시 북군3길 12-1', NULL, '35.8529760771', '129.2645765871', 'http://tong.visitkorea.or.kr/cms/resource/42/2905342_image2_1.jpg', 'http://tong.visitkorea.or.kr/cms/resource/42/2905342_image3_1.jpg', '47', '130', 'FD', 'FD01', '38116', NULL, '가마솥 양푼이 밥상은 경상북도 경주시 북군동에 있다. 고풍스러운 멋을 풍기는 외관과 예스러운 분위기를 연출하는 인테리어가 눈에 띈다. 내부에는 단체석이 있어 각종 모임을 하기 좋다. 대표 메뉴는 꼬막+간장게장 정식이다. 전복 쪽갈비찜, 소고기 버섯전골, 묵은지 쪽갈비 김치전골, 더덕+산채 야채 양푼이비빔밥 등도 준비되어 있다. 경주 IC에서 가깝고 주변에 보문관광단지와 경주동궁원이 있다.'),
